Date,Open,High,Low,Close,Volume,HML,PCT
2014-06-19,26.15,27.4,26.06,26.7,32014000.0,5.141980046047582,2.103250478011475
2014-06-20,26.7,27.45,26.7,26.95,3840000.0,2.8089887640449436,0.9363295880149813
2014-06-23,27.25,27.25,26.52,26.74,1526300.0,2.7526395173454015,-1.8715596330275288
2014-06-24,26.57,27.08,26.45,26.76,1102900.0,2.3818525519848732,0.7150922092585671
2014-06-25,26.57,27.09,26.51,26.9,921100.0,2.187853640135791,1.2420022581859174
2014-06-26,26.79,27.24,26.77,26.98,1034900.0,1.755696675382887,0.7092198581560332
2014-06-27,26.98,27.23,26.7,26.98,1097700.0,1.9850187265917647,0.0
2014-06-30,27.18,27.18,26.67,26.98,694500.0,1.9122609673790698,-0.735835172921263
2014-07-01,27.2,27.2,26.71,26.74,999600.0,1.8345189067764822,-1.6911764705882384
2014-07-02,26.62,27.09,26.62,26.77,1401700.0,1.7655897821187034,0.5634861006761779
2014-07-03,26.66,27.1,26.66,26.95,467900.0,1.6504126031507926,1.087771942985743
2014-07-07,26.96,27.0,26.66,26.94,264600.0,1.2753188297074263,-0.07418397626112602
2014-07-08,26.94,26.95,26.626,26.86,445300.0,1.2168557049500417,-0.29695619896066017
2014-07-09,26.82,26.9601,26.73,26.88,224400.0,0.8608305274971948,0.2237136465324337
2014-07-10,26.5,26.87,26.14,26.66,470200.0,2.7926549349655714,0.6037735849056609
2014-07-11,26.66,26.94,26.55,26.68,484500.0,1.4689265536723184,0.07501875468867057
2014-07-14,26.5,26.7,25.5,26.08,2140600.0,4.705882352941174,-1.584905660377365
2014-07-15,25.97,26.12,25.75,26.0,530900.0,1.436893203883499,0.11551790527532205
2014-07-16,26.07,26.9,26.0,26.05,276400.0,3.4615384615384563,-0.07671653241273331
2014-07-17,26.0,26.21,25.95,26.04,276900.0,1.001926782273609,0.15384615384615058
2014-07-18,25.8,26.08,25.8,26.05,402900.0,1.085271317829448,0.9689922480620154
2014-07-21,25.79,26.05,25.44,25.8,1044900.0,2.3977987421383626,0.03877471888329416
2014-07-22,26.02,26.02,25.29,25.6,1213800.0,2.8865164096480838,-1.6141429669484941
2014-07-23,25.6,25.94,25.134,25.77,1004100.0,3.2068114904113987,0.6640624999999928
2014-07-24,25.51,25.83,25.292,25.68,579700.0,2.127154831567281,0.6664053312426427
2014-07-25,25.49,26.1,25.21,26.05,706800.0,3.5303451011503393,2.1969399764613664
2014-07-28,25.92,26.25,25.53,26.13,306100.0,2.8202115158636856,0.8101851851851747
2014-07-29,26.25,26.3,25.95,25.96,237300.0,1.3487475915221636,-1.1047619047619015
2014-07-30,26.2,26.2,25.51,25.99,220700.0,2.7048216385730997,-0.8015267175572552
2014-07-31,25.66,25.98,25.18,25.31,367600.0,3.1771247021445617,-1.3639906469212837
2014-08-01,25.06,25.435,24.83,25.0,400700.0,2.436568666935161,-0.2394253790901785
2014-08-04,25.05,25.54,24.93,25.46,192200.0,2.446851183313275,1.6367265469061882
2014-08-05,25.38,25.56,24.96,25.1,208500.0,2.4038461538461453,-1.1032308904649235
2014-08-06,25.0,25.487,24.73,25.21,128700.0,3.061059441973303,0.8400000000000034
2014-08-07,25.41,25.54,25.06,25.4,109500.0,1.9154030327214702,-0.039354584809136416
2014-08-08,24.06,25.65,24.06,25.51,187300.0,6.608478802992518,6.026600166251051
2014-08-11,24.06,25.87,24.06,25.83,152300.0,7.522859517871996,7.356608478802991
2014-08-12,25.95,26.37,25.68,26.17,550300.0,2.6869158878504726,0.8477842003853658
2014-08-13,26.22,26.35,25.28,25.42,975300.0,4.232594936708862,-3.0511060259343905
2014-08-14,25.61,25.91,25.41,25.57,312600.0,1.967729240456513,-0.156188988676295
2014-08-15,25.43,25.56,25.25,25.45,540400.0,1.2277227722772228,0.07864726700746982
2014-08-18,25.38,25.815,25.0601,25.43,639600.0,3.0123582906692423,0.19700551615445513
2014-08-19,25.43,25.9,25.11,25.76,543900.0,3.1461569095977664,1.2976799056232868
2014-08-20,25.5,26.58,25.5,25.95,866100.0,4.235294117647053,1.7647058823529385
2014-08-21,25.73,26.09,25.33,25.53,279000.0,3.0003947887880047,-0.7773027594247932
2014-08-22,25.44,25.893,25.29,25.39,452500.0,2.3843416370106825,-0.19654088050314744
2014-08-25,25.34,25.56,25.1,25.21,502100.0,1.8326693227091524,-0.5130228887134926
2014-08-26,25.06,25.77,24.85,25.33,883600.0,3.7022132796780607,1.0774142059058243
2014-08-27,25.27,25.7,25.06,25.22,468900.0,2.553870710295294,-0.19786307874950815
2014-08-28,24.07,25.35,24.07,25.01,358200.0,5.3178230162027464,3.905276277523894
2014-08-29,25.01,25.25,24.51,25.01,501700.0,3.0191758465932206,0.0
2014-09-02,25.04,25.51,24.99,25.01,214700.0,2.080832332933186,-0.11980830670925552
2014-09-03,25.08,25.45,24.83,25.39,199900.0,2.49697946033025,1.2360446570972978
2014-09-04,25.4,25.4,24.8,24.89,288600.0,2.4193548387096686,-2.007874015748024
2014-09-05,24.83,25.11,24.76,24.88,656800.0,1.4135702746365018,0.20136931131695818
2014-09-08,24.77,24.903,24.5705,24.68,243000.0,1.3532488146354351,-0.3633427533306413
2014-09-09,24.7,24.7,23.99,24.4,603100.0,2.959566486035852,-1.2145748987854281
2014-09-10,24.52,24.7,24.13,24.49,929100.0,2.36220472440945,-0.12234910277325096
2014-09-11,24.52,24.81,24.3401,24.8,202500.0,1.9305590363227723,1.1419249592169702
2014-09-12,24.86,24.86,24.35,24.47,304600.0,2.0944558521560492,-1.5687851971037836
2014-09-15,24.42,24.61,24.25,24.48,128600.0,1.4845360824742244,0.24570024570024046
2014-09-16,24.35,24.67,24.3,24.4,89800.0,1.5226337448559712,0.2053388090348959
2014-09-17,24.38,24.585,24.13,24.22,114600.0,1.8856195607128134,-0.6562756357670227
2014-09-18,24.25,24.49,24.04,24.25,355200.0,1.8718801996672183,0.0
2014-09-19,24.41,24.41,24.0601,24.18,252700.0,1.4542749198881206,-0.9422367882015584
2014-09-22,23.89,24.185,23.84,24.03,254100.0,1.4471476510067067,0.5860192549183783
2014-09-23,23.87,24.17,23.7,23.72,339200.0,1.9831223628692087,-0.6284038542103147
2014-09-24,23.75,23.985,23.72,23.83,213600.0,1.1172006745362588,0.3368421052631507
2014-09-25,24.0,24.06,23.4,23.6,199900.0,2.820512820512821,-1.6666666666666607
2014-09-26,23.66,23.8,23.56,23.71,153700.0,1.018675721561978,0.21132713440406048
2014-09-29,23.56,23.73,23.46,23.66,306000.0,1.1508951406649597,0.4244482173174934
2014-09-30,23.66,23.66,23.08,23.35,408600.0,2.512998266897755,-1.310228233305151
2014-10-01,23.32,23.48,23.01,23.3,335200.0,2.0425901781833935,-0.08576329331046129
2014-10-02,23.34,23.34,22.78,22.93,347000.0,2.45829675153643,-1.7566409597257933
2014-10-03,23.13,23.35,22.88,23.26,379300.0,2.054195804195815,0.5620406398616626
2014-10-06,23.26,23.47,22.12,22.44,582300.0,6.103074141048815,-3.525365434221841
2014-10-07,22.3,22.37,20.99,21.04,1049300.0,6.574559313959042,-5.650224215246643
2014-10-08,21.13,22.65,21.05,22.61,1348500.0,7.6009501187648345,7.004259346900145
2014-10-09,22.66,22.66,21.84,22.21,408900.0,3.754578754578756,-1.9858781994704293
2014-10-10,22.2,22.54,21.472,21.96,495000.0,4.973919523099841,-1.081081081081074
2014-10-13,22.4,23.4,22.09,22.65,667100.0,5.930285196921678,1.1160714285714286
2014-10-14,22.83,23.75,22.62,22.96,978500.0,4.995579133510163,0.5694261936049171
2014-10-15,22.82,23.28,22.5,22.96,632800.0,3.466666666666672,0.6134969325153399
2014-10-16,22.58,23.42,22.58,22.96,303000.0,3.7201062887511225,1.6829052258636075
2014-10-17,23.07,23.155,22.89,22.99,323300.0,1.1577107907383162,-0.3467706978760375
2014-10-20,22.86,23.04,22.51,22.97,154200.0,2.3545091070635165,0.481189851268589
2014-10-21,23.0,23.27,22.79,23.04,455300.0,2.106186924089515,0.17391304347825717
2014-10-22,23.15,23.6,22.87,23.21,255400.0,3.191954525579363,0.25917926565875715
2014-10-23,23.43,24.12,22.94,23.74,401500.0,5.143853530950303,1.3230900554844163
2014-10-24,23.84,24.01,23.34,23.72,249100.0,2.8706083976006926,-0.5033557046979908
2014-10-27,23.56,23.6,22.68,22.69,416800.0,4.05643738977073,-3.6926994906621284
2014-10-28,22.72,23.47,22.5,23.44,381000.0,4.311111111111106,3.169014084507053
2014-10-29,23.54,24.29,23.01,24.04,294200.0,5.562798783137755,2.1240441801189465
2014-10-30,24.0,24.51,23.7,24.41,219700.0,3.4177215189873515,1.708333333333334
2014-10-31,24.75,25.97,24.5,25.54,374400.0,5.999999999999996,3.191919191919188
2014-11-03,25.54,25.54,24.4,24.61,508300.0,4.672131147540986,-3.6413469068128417
2014-11-04,24.43,24.45,23.766,24.0,124900.0,2.8780610956829134,-1.760130986492017
2014-11-05,24.03,24.96,24.03,24.76,345900.0,3.8701622971285876,3.0378693300041633
2014-11-06,24.66,25.08,23.665,24.23,357800.0,5.979294316501159,-1.7437145174371438
2014-11-07,24.13,24.41,23.64,23.8,337500.0,3.257191201353636,-1.3675922088686212
2014-11-10,24.28,25.05,23.64,23.74,209000.0,5.964467005076143,-2.2240527182866665
2014-11-11,23.95,24.38,23.57,24.08,391800.0,3.4365719134492947,0.5427974947807892
2014-11-12,24.32,25.39,23.97,25.11,467500.0,5.924071756362126,3.248355263157891
2014-11-13,25.0,25.5,24.6701,24.96,383500.0,3.3639912282479543,-0.1599999999999966
2014-11-14,25.04,25.43,24.4,24.92,459200.0,4.221311475409841,-0.47923322683705055
2014-11-17,25.0,25.23,24.5,24.82,429600.0,2.9795918367346954,-0.7199999999999989
2014-11-18,24.85,25.8,24.846,25.34,422500.0,3.8396522579087202,1.9718309859154866
2014-11-19,25.2,25.75,24.96,25.5,420200.0,3.165064102564099,1.1904761904761934
2014-11-20,25.51,25.95,25.3,25.87,679900.0,2.5691699604743023,1.4112112896903153
2014-11-21,26.0,26.0,25.65,25.74,395000.0,1.3645224171540018,-1.000000000000006
2014-11-24,25.61,25.64,25.09,25.51,800500.0,2.1921084097249928,-0.3904724716907375
2014-11-25,25.6,25.6,25.196,25.4,463000.0,1.6034291157326557,-0.7812500000000111
2014-11-26,25.37,25.73,25.33,25.6,206000.0,1.5791551519936917,0.9065825778478535
2014-11-28,25.62,25.62,25.38,25.43,233300.0,0.9456264775413791,-0.741608118657304
2014-12-01,25.45,25.6,25.0,25.08,429600.0,2.4000000000000057,-1.4538310412573714
2014-12-02,25.21,25.4675,25.04,25.2,298900.0,1.7072683706070366,-0.03966679888933583
2014-12-03,25.32,25.44,24.95,25.1,389200.0,1.963927855711431,-0.8688783570300113
2014-12-04,25.16,25.23,24.28,24.91,495900.0,3.9126853377265207,-0.9936406995230525
2014-12-05,24.75,25.63,24.52,25.31,664600.0,4.526916802610112,2.262626262626257
2014-12-08,25.46,25.95,25.02,25.86,451600.0,3.7170263788968816,1.5710919088766637
2014-12-09,25.41,26.95,25.41,26.5,937200.0,6.060606060606057,4.289649744195198
2014-12-10,26.42,26.55,26.02,26.12,745700.0,2.0368946963873986,-1.1355034065102223
2014-12-11,26.38,26.5799,26.0,26.32,257600.0,2.23038461538461,-0.22744503411675027
2014-12-12,26.3,26.66,25.51,25.58,889500.0,4.5080360642885084,-2.73764258555134
2014-12-15,25.8,26.38,25.3,25.45,387400.0,4.268774703557305,-1.3565891472868272
2014-12-16,25.27,25.32,24.7,24.96,1905700.0,2.5101214574898827,-1.2267510882469281
2014-12-17,24.89,25.24,24.75,24.97,219200.0,1.9797979797979735,0.32141422257934227
2014-12-18,25.04,25.39,25.0,25.32,537200.0,1.5600000000000023,1.1182108626198128
2014-12-19,25.3,25.89,24.99,25.04,435300.0,3.601440576230501,-1.0276679841897296
2014-12-22,25.15,26.0,25.05,25.97,493000.0,3.7924151696606754,3.2604373757455285
2014-12-23,26.0,26.8,25.95,26.69,394600.0,3.2755298651252462,2.6538461538461586
2014-12-24,26.72,26.8,26.46,26.55,43800.0,1.2849584278155701,-0.6362275449101727
2014-12-26,26.27,26.75,26.21,26.49,101100.0,2.060282334986643,0.8374571754853402
2014-12-29,26.56,26.74,26.26,26.49,84000.0,1.827875095201816,-0.26355421686747094
2014-12-30,26.47,26.72,26.26,26.54,85200.0,1.7517136329017413,0.2644503211182482
2014-12-31,26.7,26.7,26.35,26.43,126900.0,1.3282732447817756,-1.0112359550561782
2015-01-02,26.62,26.8,26.33,26.6,823300.0,1.7850360805165306,-0.07513148009015617
2015-01-05,26.33,26.58,25.77,25.96,340000.0,3.143189755529681,-1.4052411697683156
2015-01-06,25.88,25.88,24.93,25.61,533200.0,3.8106698756518225,-1.0432766615146816
2015-01-07,25.8,26.66,25.475,26.48,457100.0,4.651619234543665,2.635658914728681
2015-01-08,26.53,27.2,26.23,26.95,434100.0,3.698055661456343,1.5831134564643727
2015-01-09,26.85,27.0,26.58,26.83,230500.0,1.5801354401805936,-0.07448789571695764
2015-01-12,26.73,26.94,26.37,26.43,233100.0,2.161547212741753,-1.1223344556677917
2015-01-13,26.09,26.91,26.09,26.82,320800.0,3.1429666538903804,2.7980068991950957
2015-01-14,26.37,27.06,26.06,26.35,522700.0,3.8372985418265544,-0.07584376185058617
2015-01-15,26.31,26.92,25.39,25.45,371700.0,6.025994486018122,-3.268719118206003
2015-01-16,25.51,26.25,25.51,25.99,257000.0,2.9008232065856463,1.8816150529204112
2015-01-20,25.91,26.31,25.53,25.66,436400.0,3.055229142185654,-0.96487842531841
2015-01-21,25.62,25.94,25.4,25.66,149300.0,2.125984251968515,0.15612802498048065
2015-01-22,25.74,25.88,25.37,25.56,389300.0,2.010248324793055,-0.6993006993006983
2015-01-23,25.56,26.1,25.51,25.87,184100.0,2.3128185025480197,1.212832550860729
2015-01-26,25.79,25.92,25.48,25.83,145200.0,1.7268445839874462,0.15509887553314908
2015-01-27,25.61,26.461,25.61,26.41,471300.0,3.322920734088243,3.123779773525969
2015-01-28,26.62,27.08,26.27,26.73,530600.0,3.0833650551960363,0.4132231404958656
2015-01-29,26.75,26.75,25.29,26.3,310800.0,5.7730328192961675,-1.682242990654203
2015-01-30,26.05,26.56,25.955,26.25,170600.0,2.3309574263147774,0.7677543186180396
2015-02-02,26.18,26.74,25.85,26.37,313100.0,3.442940038684708,0.7257448433919071
2015-02-03,26.58,26.655,26.33,26.41,159400.0,1.2343334599316478,-0.6395786305492782
2015-02-04,26.21,26.5,25.96,26.44,321900.0,2.080123266563941,0.8775276611980177
2015-02-05,26.44,26.53,26.1,26.48,117000.0,1.64750957854406,0.15128593040846877
2015-02-06,26.39,26.5,26.345,26.43,151200.0,0.5883469349022629,0.15157256536566557
2015-02-09,26.41,26.78,26.325,26.54,228400.0,1.7283950617284023,0.49223778871639157
2015-02-10,26.52,26.89,26.32,26.74,330800.0,2.1656534954407305,0.8295625942684723
2015-02-11,26.65,27.0,26.17,26.96,245100.0,3.171570500573169,1.163227016885562
2015-02-12,26.42,27.39,26.42,26.81,1588400.0,3.6714610143830386,1.4761544284632742
2015-02-13,26.2,26.5,25.67,26.14,1231000.0,3.2333463186599074,-0.22900763358778137
2015-02-17,25.73,26.2,25.69,26.03,671900.0,1.9852082522382173,1.1659541391371966
2015-02-18,26.0,26.3,25.94,26.1,616800.0,1.387818041634539,0.3846153846153901
2015-02-19,26.16,26.43,25.97,26.2,1044600.0,1.7712745475548746,0.15290519877675515
2015-02-20,26.28,26.5,26.0001,26.35,269600.0,1.9226849127503367,0.2663622526636236
2015-02-23,26.36,26.45,26.03,26.37,197500.0,1.6135228582404844,0.037936267071326114
2015-02-24,26.29,26.59,26.29,26.5,484200.0,1.1411182959300141,0.7987828071510112
2015-02-25,26.37,26.68,26.164,26.52,740900.0,1.9721755083320525,0.5688282138794031
2015-02-26,26.5,26.59,26.44,26.55,521800.0,0.5673222390317647,0.18867924528302155
2015-02-27,26.5,26.74,26.34,26.65,291100.0,1.5186028853454767,0.5660377358490513
2015-03-02,26.7,27.2,26.59,27.14,1180700.0,2.2940955246333186,1.647940074906372
2015-03-03,27.0,27.065,26.51,26.8,315000.0,2.0935496039230466,-0.740740740740738
2015-03-04,26.79,26.79,26.28,26.35,594200.0,1.940639269406385,-1.642403882045531
2015-03-05,26.24,26.56,26.12,26.31,193400.0,1.6845329249617063,0.26676829268292795
2015-03-06,26.24,26.26,25.705,25.88,466300.0,2.159113013032497,-1.371951219512193
2015-03-09,25.96,26.19,25.71,26.02,283500.0,1.8669778296382746,0.23112480739598892
2015-03-10,25.95,25.95,25.68,25.79,479000.0,1.051401869158877,-0.616570327552987
2015-03-11,25.92,25.98,25.26,25.62,580700.0,2.8503562945368124,-1.15740740740741
2015-03-12,25.71,26.13,25.63,26.05,306700.0,1.9508388607101055,1.3224426293271094
2015-03-13,26.12,26.17,25.49,25.9,314700.0,2.6677128285602327,-0.8422664624808668
2015-03-16,25.91,26.4399,25.63,26.39,236700.0,3.1599687865782387,1.8525665766113486
2015-03-17,26.25,26.52,26.1,26.42,252800.0,1.6091954022988433,0.6476190476190542
2015-03-18,26.34,26.81,26.2332,26.8,196300.0,2.1987405272707816,1.7463933181473077
2015-03-19,26.78,27.19,26.645,27.03,609600.0,2.045411897166454,0.9335324869305451
2015-03-20,27.18,27.25,26.9,27.25,281300.0,1.301115241635693,0.25754231052244403
2015-03-23,27.25,27.5,27.15,27.34,451100.0,1.2891344383057144,0.33027522935779763
2015-03-24,27.38,27.44,26.94,27.02,171100.0,1.855976243504083,-1.314828341855367
2015-03-25,27.13,27.13,26.68,26.85,274400.0,1.686656671664165,-1.0320678215996963
2015-03-26,26.79,27.11,26.63,26.93,162500.0,1.8024784078107414,0.5225830533781283
2015-03-27,26.88,26.9,26.55,26.74,306600.0,1.3182674199623272,-0.5208333333333355
2015-03-30,26.91,27.24,26.87,27.09,211000.0,1.3770003721622532,0.6688963210702331
2015-03-31,26.91,27.1599,26.51,26.9,455500.0,2.451527725386642,-0.03716090672612993
2015-04-01,26.9,27.39,26.51,27.18,1244400.0,3.3195020746887924,1.0408921933085544
2015-04-02,27.25,27.63,27.18,27.23,609900.0,1.655629139072845,-0.07339449541284247
2015-04-06,27.02,27.54,26.87,27.2,438000.0,2.493487160401928,0.6661732050333077
2015-04-07,27.2,27.42,26.96,27.15,212700.0,1.7062314540059378,-0.18382352941176733
2015-04-08,27.22,27.39,27.0,27.13,251800.0,1.4444444444444466,-0.33063923585598776
2015-04-09,27.04,27.15,26.91,27.05,107300.0,0.891861761426973,0.03698224852071584
2015-04-10,27.12,27.25,26.92,26.96,356200.0,1.2258543833580917,-0.5899705014749268
2015-04-13,27.06,27.29,27.0,27.11,251500.0,1.0740740740740709,0.1847745750184801
2015-04-14,27.03,27.15,26.56,26.79,271300.0,2.221385542168674,-0.8879023307436255
2015-04-15,26.85,26.99,26.55,26.64,181100.0,1.6572504708097842,-0.7821229050279361
2015-04-16,26.65,26.71,26.27,26.48,388200.0,1.6749143509706936,-0.6378986866791675
2015-04-17,26.3,26.3999,25.94,26.03,337900.0,1.7729375481881169,-1.0266159695817474
2015-04-20,26.13,26.4,25.83,25.9,602900.0,2.206736353077818,-0.8802143130501356
2015-04-21,26.05,26.12,25.73,25.78,365000.0,1.5157403808783543,-1.0364683301343554
2015-04-22,25.83,26.19,25.72,25.82,131500.0,1.8273716951788588,-0.038714672861006626
2015-04-23,25.89,26.12,25.84,25.99,305900.0,1.0835913312693541,0.38624951718809525
2015-04-24,26.08,26.32,25.87,25.94,407500.0,1.7394665635871638,-0.5368098159509088
2015-04-27,26.05,26.25,25.732,25.8,354200.0,2.0130576713819397,-0.9596928982725527
2015-04-28,25.89,25.89,25.5,25.76,181100.0,1.5294117647058845,-0.5021243723445307
2015-04-29,25.69,25.92,25.6,25.86,163000.0,1.250000000000001,0.6617360840794011
2015-04-30,25.73,25.89,25.41,25.65,392500.0,1.8890200708382543,-0.3109211037699256
2015-05-01,25.79,26.375,25.7,26.36,165400.0,2.6264591439688743,2.2101589763474228
2015-05-04,26.43,26.43,25.94,26.19,372900.0,1.8889745566692306,-0.9080590238365435
2015-05-05,26.07,26.31,25.71,25.91,752700.0,2.333722287047833,-0.6137322593018801
2015-05-06,25.9,26.115,25.532,25.72,386600.0,2.2834090553031428,-0.6949806949806939
2015-05-07,25.75,25.85,25.41,25.62,291800.0,1.7316017316017365,-0.504854368932035
2015-05-08,25.83,25.92,25.5,25.72,364300.0,1.6470588235294186,-0.4258614014711554
2015-05-11,25.72,26.18,25.71,25.93,296100.0,1.8280824581874713,0.8164852255054466
2015-05-12,25.82,26.08,25.63,26.05,543300.0,1.755754974639092,0.8907823392718839
2015-05-13,25.5,26.15,24.96,26.06,1600300.0,4.7676282051281955,2.196078431372544
2015-05-14,26.27,26.37,25.73,26.36,1055300.0,2.4873688301593493,0.3425961172440041
2015-05-15,26.27,26.55,25.98,26.33,611800.0,2.1939953810623565,0.22839741149599818
2015-05-18,26.18,26.45,25.83,26.16,348400.0,2.4003097173828922,-0.07639419404125124
2015-05-19,26.13,26.41,26.01,26.34,436600.0,1.5378700499807711,0.8036739380022995
2015-05-20,26.22,26.45,25.97,26.27,568800.0,1.8482864844050844,0.1906941266209028
2015-05-21,26.19,26.45,26.07,26.18,545200.0,1.4576141158419602,-0.038182512409322494
2015-05-22,26.08,26.4,26.06,26.35,550600.0,1.3046815042210278,1.035276073619644
2015-05-26,26.27,26.28,25.71,26.13,574000.0,2.21703617269545,-0.5329272934906759
2015-05-27,26.08,26.5,25.88,26.39,697400.0,2.3956723338485357,1.188650306748475
2015-05-28,26.22,26.6,26.01,26.59,621800.0,2.2683583237216447,1.4111365369946642
2015-05-29,26.6,26.85,26.43,26.81,605800.0,1.589103291713968,0.7894736842105161
2015-06-01,26.72,26.95,26.5,26.75,1072700.0,1.698113207547167,0.11227544910180068
2015-06-02,26.89,27.1,26.6,26.81,1052600.0,1.8796992481203008,-0.29750836742284065
2015-06-03,26.74,26.9,26.59,26.8,310200.0,1.165851823993978,0.2243829468960444
2015-06-04,26.4,26.77,25.875,26.25,1732000.0,3.4589371980676313,-0.5681818181818128
2015-06-05,26.53,26.75,26.25,26.51,5966100.0,1.9047619047619049,-0.07538635506973076
2015-06-08,26.36,26.85,26.36,26.63,1132800.0,1.8588770864946966,1.0242792109256433
2015-06-09,26.5,26.83,26.22,26.51,1722300.0,2.326468344774979,0.03773584905660967
2015-06-10,26.51,26.78,26.41,26.63,714100.0,1.4009844755774365,0.45265937382118987
2015-06-11,26.5,26.8,26.41,26.76,466400.0,1.476713366149188,0.9811320754717041
2015-06-12,26.77,26.91,26.7,26.88,285700.0,0.7865168539325874,0.4109077325364192
2015-06-15,26.84,26.86,26.53,26.79,305100.0,1.2438748586505777,-0.18628912071535286
2015-06-16,26.65,26.95,26.5,26.81,303900.0,1.698113207547167,0.6003752345215766
2015-06-17,26.95,26.95,26.53,26.57,248700.0,1.5831134564643727,-1.410018552875692
2015-06-18,26.5,26.69,26.34,26.67,387600.0,1.3287775246773021,0.6415094339622706
2015-06-19,26.7,26.74,26.4,26.48,328400.0,1.2878787878787874,-0.8239700374531793
2015-06-22,26.67,26.73,26.486,26.69,258600.0,0.9212414105565195,0.07499062617172693
2015-06-23,26.61,26.755,26.58,26.72,158300.0,0.6583897667419139,0.4133784291619671
2015-06-24,26.75,26.78,26.565,26.7,427200.0,0.8093355919442871,-0.18691588785046995
2015-06-25,26.61,26.8,26.5,26.64,404200.0,1.1320754716981158,0.11273957158963223
2015-06-26,26.75,26.8,26.35,26.35,321600.0,1.707779886148005,-1.495327102803733
2015-06-29,26.2,26.455,25.6,25.63,422800.0,3.3398437499999876,-2.1755725190839703
2015-06-30,25.84,25.91,25.36,25.57,551600.0,2.168769716088331,-1.0448916408668714
2015-07-01,25.88,26.55,25.616,26.39,678700.0,3.646158650843227,1.9706336939721854
2015-07-02,26.38,26.58,26.26,26.51,274200.0,1.218583396801206,0.4927975739196458
2015-07-06,26.57,26.58,26.28,26.34,286400.0,1.1415525114155143,-0.8656379375235245
2015-07-07,26.3,26.34,25.94,26.31,400300.0,1.542020046260596,0.03802281368820536
2015-07-08,26.48,26.61,26.13,26.31,282100.0,1.8369690011481075,-0.641993957703934
2015-07-09,26.24,26.49,26.21,26.29,193100.0,1.0682945440671407,0.1905487804878076
2015-07-10,26.43,26.47,26.15,26.26,293900.0,1.2237093690248577,-0.6432084752175488
2015-07-13,26.0,26.41,25.78,26.29,367900.0,2.443754848719934,1.115384615384612
2015-07-14,26.31,26.46,26.255,26.44,632200.0,0.7808036564463983,0.49410870391487105
2015-07-15,26.39,26.62,26.27,26.27,172900.0,1.33231823372669,-0.4547176960970102
2015-07-16,26.23,26.49,26.23,26.44,201900.0,0.9912314144109723,0.8006099885627177
2015-07-17,26.4,26.79,26.4,26.56,689900.0,1.4772727272727295,0.6060606060606066
2015-07-20,26.63,26.63,26.22,26.46,260700.0,1.5636918382913811,-0.6383777694329634
2015-07-21,26.34,26.5,26.09,26.27,158100.0,1.5714833269451902,-0.26575550493546046
2015-07-22,26.13,26.44,26.13,26.42,144600.0,1.1863758132414937,1.1098354381936575
2015-07-23,26.4,26.64,26.31,26.55,305400.0,1.2542759407069626,0.5681818181818262
2015-07-24,26.53,26.77,26.31,26.7,381000.0,1.7483846446218203,0.6407840180927182
2015-07-27,26.48,26.57,26.06,26.17,489000.0,1.9570222563315487,-1.1706948640483335
2015-07-28,26.24,26.41,26.06,26.29,247200.0,1.3430544896392995,0.1905487804878076
2015-07-29,26.38,26.65,26.29,26.53,304200.0,1.3693419551160115,0.5686125852918958
2015-07-30,26.39,27.19,26.12,26.52,458500.0,4.0964777947932625,0.4926108374384198
2015-07-31,26.61,26.8,26.37,26.62,417100.0,1.6306408797876364,0.03757985719654853
2015-08-03,26.54,26.82,26.44,26.53,287900.0,1.4372163388804804,-0.037678975131868915
2015-08-04,26.62,26.72,26.26,26.27,297000.0,1.7517136329017413,-1.3148009015777664
2015-08-05,26.5,26.85,26.23,26.58,437800.0,2.363705680518494,0.30188679245282374
2015-08-06,26.55,26.77,26.48,26.63,205300.0,1.0951661631419907,0.30131826741995593
2015-08-07,26.69,26.75,26.52,26.73,452100.0,0.8672699849170453,0.14986886474334635
2015-08-10,26.75,27.7,26.65,27.61,852600.0,3.939962476547845,3.214953271028035
2015-08-11,27.4,27.42,27.0,27.05,317500.0,1.555555555555562,-1.277372262773715
2015-08-12,27.5,28.61,26.88,28.36,706800.0,6.436011904761907,3.127272727272725
2015-08-13,29.81,29.98,28.38,29.43,1890800.0,5.63777307963355,-1.2747400201274708
2015-08-14,28.29,29.53,28.12,29.53,1473800.0,5.014224751066856,4.383174266525281
2015-08-17,29.03,29.35,28.79,29.3,594500.0,1.9451198332754507,0.9300723389596954
2015-08-18,28.75,29.4,28.75,29.3,702500.0,2.2608695652173867,1.9130434782608718
2015-08-19,29.32,29.66,29.07,29.53,719300.0,2.0295837633298928,0.7162346521146005
2015-08-20,29.5,29.5,28.96,29.19,577800.0,1.8646408839778976,-1.0508474576271143
2015-08-21,29.07,29.22,28.75,28.85,660900.0,1.6347826086956483,-0.7567939456484308
2015-08-24,28.01,28.495,26.63,27.91,680100.0,7.003379647014653,-0.35701535166012643
2015-08-25,28.15,28.6,27.86,27.975,568200.0,2.656137832017236,-0.6216696269982137
2015-08-26,28.54,28.54,27.8205,28.39,286600.0,2.586222389964235,-0.5255781359495395
2015-08-27,28.48,28.81,28.05,28.29,419400.0,2.709447415329761,-0.6671348314606786
2015-08-28,28.18,28.79,27.89,28.48,319500.0,3.2269630692004254,1.0645848119233523
2015-08-31,28.37,28.7,28.3,28.58,207800.0,1.4134275618374508,0.7402185407120102
2015-09-01,28.34,28.74,27.99,28.3,822800.0,2.679528403001072,-0.14114326040931244
2015-09-02,28.58,28.79,28.25,28.76,381000.0,1.911504424778758,0.6298110566830065
2015-09-03,28.82,29.28,28.75,29.02,651600.0,1.8434782608695692,0.6939625260235923
2015-09-04,28.75,28.93,28.67,28.79,419400.0,0.9068712940355703,0.13913043478260573
2015-09-08,29.0,29.33,28.75,28.82,626200.0,2.01739130434782,-0.6206896551724128
2015-09-09,28.85,29.08,28.57,28.61,494600.0,1.7850892544627164,-0.8318890814558129
2015-09-10,28.48,28.75,28.38,28.43,869900.0,1.3037350246652608,-0.17556179775281147
2015-09-11,28.46,28.88,28.46,28.75,378300.0,1.4757554462403308,1.0189739985945154
2015-09-14,28.69,28.97,28.46,28.85,248600.0,1.791988756148974,0.557685604740328
2015-09-15,28.99,29.43,28.661,29.41,650300.0,2.683088517497639,1.448775439806836
2015-09-16,29.4,29.6,29.22,29.26,476000.0,1.3004791238877569,-0.47619047619046606
2015-09-17,29.27,29.75,29.2,29.37,496100.0,1.8835616438356189,0.3416467372736639
2015-09-18,29.18,29.54,29.17,29.42,603600.0,1.2684264655467858,0.822481151473619
2015-09-21,29.41,29.65,29.19,29.25,366800.0,1.5758821514217105,-0.544032641958518
2015-09-22,29.12,29.325,29.03,29.24,326400.0,1.0161901481226254,0.41208791208790324
2015-09-23,29.35,29.51,29.16,29.39,179200.0,1.2002743484225014,0.1362862010221436
2015-09-24,29.27,29.27,28.94,28.99,243900.0,1.1402902557014454,-0.9566108643662492
2015-09-25,29.06,29.26,28.84,28.9,448000.0,1.4563106796116565,-0.5505849965588443
2015-09-28,28.94,28.97,28.17,28.5,470600.0,2.839900603478868,-1.5203870076019395
2015-09-29,28.43,28.62,28.05,28.44,333300.0,2.032085561497327,0.03517411185368119
2015-09-30,28.65,29.0,28.5,29.0,296200.0,1.7543859649122806,1.2216404886562005
2015-10-01,29.08,29.31,28.75,29.14,506500.0,1.9478260869565174,0.20632737276479463
2015-10-02,28.42,29.58,28.42,29.55,450300.0,4.081632653061212,3.976073187895844
2015-10-05,29.75,29.97,29.75,29.9,263900.0,0.7394957983193239,0.5042016806722641
2015-10-06,29.79,29.895,29.4,29.67,206400.0,1.6836734693877586,-0.4028197381671616
2015-10-07,29.76,29.8489,29.41,29.53,175500.0,1.4923495409724592,-0.7728494623655928
2015-10-08,29.47,29.74,29.32,29.68,192000.0,1.4324693042291887,0.7125890736342072
2015-10-09,29.77,30.25,29.55,30.0,476800.0,2.3688663282571887,0.7725898555592893
2015-10-12,30.11,30.48,29.901,30.24,278200.0,1.9363900872880528,0.4317502490866789
2015-10-13,30.07,30.28,29.61,29.73,143400.0,2.2627490712597154,-1.130695044895244
2015-10-14,29.72,30.21,29.605,29.79,152100.0,2.043573720655296,0.23553162853297538
2015-10-15,29.83,30.76,29.71,30.64,472900.0,3.5341635812857644,2.7153871940999075
2015-10-16,30.72,30.85,30.39,30.54,494400.0,1.5136558078315263,-0.5859374999999991
2015-10-19,30.52,30.87,30.38,30.72,174000.0,1.6129032258064582,0.6553079947575338
2015-10-20,30.64,30.86,30.3,30.42,243100.0,1.8481848184818441,-0.7180156657963409
2015-10-21,30.4,30.49,30.23,30.29,509400.0,0.8600727753886801,-0.361842105263156
2015-10-22,30.25,30.66,30.25,30.5,569700.0,1.3553719008264469,0.8264462809917356
2015-10-23,30.69,30.76,30.4,30.45,359400.0,1.1842105263157994,-0.7820136852394981
2015-10-26,30.5,30.58,29.93,30.33,767300.0,2.17173404610758,-0.5573770491803335
2015-10-27,30.18,30.49,30.12,30.25,142500.0,1.2284196547144668,0.2319416832339307
2015-10-28,30.38,30.65,30.24,30.63,455400.0,1.3558201058201065,0.8229098090849244
2015-10-29,30.44,30.72,30.14,30.53,248800.0,1.9243530192435248,0.29566360052562374
2015-10-30,30.68,30.68,30.3,30.5,184200.0,1.2541254125412509,-0.5867014341590603
2015-11-02,30.69,30.86,30.48,30.49,799100.0,1.2467191601049836,-0.651678071032919
2015-11-03,30.57,30.8,30.51,30.58,523500.0,0.950508030154045,0.032711808963029144
2015-11-04,30.58,30.7,30.4,30.46,204400.0,0.9868421052631603,-0.3924133420536215
2015-11-05,30.42,30.5,29.81,29.9,468400.0,2.31465951023147,-1.7094017094017195
2015-11-06,29.5,29.75,29.01,29.44,1239500.0,2.5508445363667644,-0.20338983050847023
2015-11-09,29.5,30.19,29.45,30.02,832600.0,2.5127334465195315,1.7627118644067783
2015-11-10,30.58,30.58,29.19,29.7,960100.0,4.761904761904751,-2.877697841726616
2015-11-11,29.91,29.97,29.54,29.55,378300.0,1.4556533513879475,-1.2036108324974906
2015-11-12,29.07,29.24,28.79,28.96,464800.0,1.5630427231677642,-0.3783969728242154
2015-11-13,28.64,28.8,28.18,28.68,825400.0,2.2001419446415933,0.13966480446927076
2015-11-16,28.69,28.99,28.39,28.93,572500.0,2.1134202183867483,0.836528407110486
2015-11-17,28.68,29.16,28.14,29.14,467100.0,3.6247334754797427,1.6039051603905192
2015-11-18,29.0,29.23,28.73,29.07,245800.0,1.7403411068569439,0.24137931034482857
2015-11-19,29.0,29.4,29.0,29.32,308300.0,1.3793103448275814,1.1034482758620698
2015-11-20,29.35,29.53,29.05,29.32,271700.0,1.652323580034425,-0.10221465076661375
2015-11-23,29.35,29.35,29.11,29.24,206800.0,0.8244589488148472,-0.37478705281091307
2015-11-24,29.07,29.11,28.59,28.98,369600.0,1.8188177684505056,-0.30959752321981376
2015-11-25,29.05,29.46,28.98,29.27,1170000.0,1.656314699792962,0.7573149741824401
2015-11-27,29.11,29.48,28.92,29.11,401200.0,1.936376210235127,0.0
2015-11-30,29.11,29.59,29.11,29.5,1008500.0,1.648917897629682,1.3397457918241173
2015-12-01,29.31,29.98,29.29,29.9,718200.0,2.355752816660981,2.0129648584100988
2015-12-02,29.67,29.85,29.13,29.33,485900.0,2.471678681771378,-1.1459386585776994
2015-12-03,29.46,29.5,28.83,28.95,293900.0,2.3239680887963985,-1.7311608961303515
2015-12-04,28.38,29.6,28.38,29.57,532200.0,4.298801973220587,4.193093727977454
2015-12-07,29.39,29.74,29.3475,29.44,435500.0,1.33742226765482,0.1701258931609415
2015-12-08,29.59,29.75,29.2,29.55,532800.0,1.8835616438356189,-0.13518080432578286
2015-12-09,29.36,29.58,28.9999,29.24,704200.0,2.0003517253507703,-0.40871934604904975
2015-12-10,29.21,29.3,28.7,28.89,407000.0,2.0905923344947785,-1.095515234508731
2015-12-11,28.62,29.03,28.56,28.9,430800.0,1.6456582633053305,0.9783368273934226
2015-12-14,29.03,29.14,28.61,28.84,532500.0,1.8524991261796613,-0.6544953496383096
2015-12-15,29.07,29.37,28.825,28.89,608900.0,1.8907198612315756,-0.6191950464396275
2015-12-16,29.06,29.295,28.88,29.21,337900.0,1.436980609418292,0.5161734342739234
2015-12-17,29.37,29.625,29.2,29.48,578500.0,1.4554794520547971,0.37453183520599054
2015-12-18,29.46,29.605,28.98,29.08,905800.0,2.1566597653554176,-1.2898845892736
2015-12-21,29.16,29.3,28.84,29.18,449400.0,1.5950069348127631,0.0685871056241412
2015-12-22,29.34,29.34,29.08,29.14,351000.0,0.8940852819807481,-0.6816632583503724
2015-12-23,29.13,29.62,29.13,29.54,471600.0,1.6821146584277444,1.407483693786475
2015-12-24,29.5,29.87,29.31,29.85,253700.0,1.9106107130672203,1.1864406779661065
2015-12-28,29.81,29.91,29.6,29.88,503700.0,1.047297297297293,0.234820530023483
2015-12-29,29.96,30.2199,29.85,30.12,549600.0,1.2391959798994896,0.5340453938584784
2015-12-30,30.15,30.5,30.14,30.35,565100.0,1.1944260119442582,0.6633499170812698
2015-12-31,30.31,30.475,30.13,30.17,279400.0,1.1450381679389392,-0.46189376443417035
2016-01-04,29.9,30.3,29.12,29.54,857674.0,4.052197802197801,-1.2040133779264197
2016-01-05,29.45,29.9,29.43,29.75,480670.0,1.597009853890584,1.018675721561972
2016-01-06,29.66,29.66,29.1,29.33,778093.0,1.9243986254295489,-1.112609575185441
2016-01-07,29.0,29.24,28.7,28.9,653139.0,1.8815331010452931,-0.34482758620690146
2016-01-08,29.07,29.13,28.04,28.51,1871613.0,3.8873038516405134,-1.9263845889232842
2016-01-11,28.51,28.79,27.76,28.21,639115.0,3.7103746397694435,-1.0522623640827804
2016-01-12,28.51,28.84,28.11,28.41,641444.0,2.596940590537177,-0.3507541213609309
2016-01-13,28.48,28.5913,27.75,27.91,314924.0,3.031711711711713,-2.0014044943820237
2016-01-14,27.84,28.08,27.72,27.93,471060.0,1.2987012987012967,0.32327586206896497
2016-01-15,27.58,27.87,27.273,27.4,538214.0,2.1889781102189025,-0.6526468455402455
2016-01-19,27.67,27.75,27.03,27.08,600035.0,2.6637069922308503,-2.132273220093977
2016-01-20,26.81,27.11,26.011,26.72,465686.0,4.225135519587868,-0.335695635956732
2016-01-21,26.54,27.41,26.54,27.04,526766.0,3.278070836473252,1.8839487565938209
2016-01-22,27.28,28.37,27.28,28.3,1356994.0,3.995601173020527,3.7390029325513177
2016-01-25,28.13,28.42,27.84,27.97,531640.0,2.0833333333333397,-0.5687877710629227
2016-01-26,28.0,28.63,28.0,28.41,1159980.0,2.2499999999999964,1.4642857142857149
2016-01-27,28.43,28.92,28.24,28.58,688748.0,2.4079320113314564,0.5276116778051304
2016-01-28,28.67,28.995,28.32,28.47,597976.0,2.3834745762711886,-0.6975933031043001
2016-01-29,28.62,28.63,28.35,28.36,825907.0,0.9876543209876458,-0.908455625436763
2016-02-01,28.34,28.93,28.29,28.83,481001.0,2.2622834924001434,1.729004940014109
2016-02-02,28.45,28.81,28.35,28.74,428755.0,1.6225749559082796,1.0193321616871676
2016-02-03,28.92,28.98,28.13,28.39,279825.0,3.0216850337717793,-1.8326417704011104
2016-02-04,28.29,28.68,28.19,28.3,656270.0,1.738205037247245,0.035348179568757736
2016-02-05,28.33,28.63,27.83,27.89,377952.0,2.874595759971257,-1.5531238969290424
2016-02-08,27.69,27.872,27.22,27.48,703308.0,2.395297575312274,-0.7583965330444234
2016-02-09,27.08,27.54,26.9,27.13,652786.0,2.3791821561338313,0.18463810930576335
2016-02-10,27.81,28.87,26.9,27.0,984227.0,7.3234200743494515,-2.9126213592232966
2016-02-11,26.51,27.908,26.29,26.51,705089.0,6.15443134271587,0.0
2016-02-12,26.91,27.32,26.37,27.15,648088.0,3.602578687902917,0.891861761426973
2016-02-16,27.56,28.0,26.96,27.38,234005.0,3.8575667655786314,-0.6531204644412181
2016-02-17,27.38,28.1,27.29,27.92,572884.0,2.968120190545996,1.9722425127830634
2016-02-18,27.73,28.19,27.69,28.08,491117.0,1.8057060310581434,1.2621709340064835
2016-02-19,27.85,28.35,27.81,28.19,326235.0,1.9417475728155438,1.2208258527827642
2016-02-22,28.5,28.61,27.81,27.82,441275.0,2.876663070837831,-2.3859649122807007
2016-02-23,27.82,28.04,27.47,27.53,463176.0,2.074990899162724,-1.0424155283968337
2016-02-24,26.99,27.71,26.99,27.61,505600.0,2.667654686921091,2.2971470915153795
2016-02-25,27.64,28.01,27.406,27.81,640157.0,2.2038969568707683,0.6150506512300946
2016-02-26,27.68,27.96,27.55,27.94,581631.0,1.4882032667876592,0.9393063583815084
2016-02-29,27.94,28.04,27.55,27.82,712277.0,1.7785843920145132,-0.42949176807444883
2016-03-01,27.95,28.34,27.52,28.23,1186749.0,2.9796511627906987,1.001788908765657
2016-03-02,28.15,28.42,27.7501,28.22,773270.0,2.4140453547915213,0.24866785079929055
2016-03-03,28.31,28.54,27.71,28.5,535218.0,2.995308552868994,0.67114093959732
2016-03-04,28.53,28.65,28.305,28.57,629682.0,1.2188659247482736,0.14020329477742427
2016-03-07,28.34,28.65,28.27,28.59,605730.0,1.3441811107180723,0.8821453775582216
2016-03-08,28.39,28.66,28.3,28.595,504966.0,1.2720848056537082,0.7220852412821356
2016-03-09,28.6,28.79,28.42,28.72,575496.0,1.3019000703729677,0.41958041958041065
2016-03-10,28.78,29.02,28.65,28.97,898060.0,1.2914485165794103,0.660180681028484
2016-03-11,29.24,29.335,28.57,28.99,428030.0,2.677633881694087,-0.8549931600547196
2016-03-14,29.05,29.23,28.94,29.03,301412.0,1.0020732550103633,-0.06884681583476618
2016-03-15,29.0,29.13,28.65,29.07,333006.0,1.6753926701570696,0.24137931034482857
2016-03-16,28.89,29.35,28.53,29.25,344367.0,2.87416754293726,1.2461059190031134
2016-03-17,29.15,29.68,28.57,29.58,327543.0,3.885194259712984,1.4751286449399648
2016-03-18,29.73,29.76,28.7,29.49,335936.0,3.693379790940775,-0.8072653884964748
2016-03-21,30.69,33.75,30.645,33.51,10278542.0,10.132158590308372,9.188660801564016
2016-03-22,32.82,34.5,32.82,34.29,7409171.0,5.118829981718463,4.478976234003653
2016-03-23,33.6,33.69,33.01,33.58,3854754.0,2.05998182368979,-0.05952380952381882
2016-03-24,33.24,34.55,33.08,34.31,3202702.0,4.443772672309549,3.2190132370637796
2016-03-28,34.26,34.8,34.25,34.63,1044671.0,1.605839416058386,1.0799766491535452
2016-03-29,34.5,35.02,34.38,34.95,429703.0,1.861547411285633,1.3043478260869648
2016-03-30,35.22,35.24,34.61,35.01,1737825.0,1.8202831551574765,-0.5962521294718934
2016-03-31,35.06,35.35,34.97,35.35,1257174.0,1.086645696311131,0.8271534512264663
2016-04-01,35.19,35.42,34.78,35.25,579299.0,1.8401380103507776,0.17050298380222303
2016-04-04,35.21,35.42,35.07,35.24,697627.0,0.998003992015972,0.0852030673104264
2016-04-05,34.92,34.92,33.72,34.32,908355.0,3.558718861209973,-1.7182130584192479
2016-04-06,34.24,34.6,33.74,34.5,748031.0,2.5489033787788955,0.7593457943925176
2016-04-07,34.6,34.74,34.08,34.18,535223.0,1.9366197183098701,-1.213872832369947
2016-04-08,34.25,34.43,33.91,34.21,1250514.0,1.5334709525213894,-0.11678832116788072
2016-04-11,34.32,34.77,34.1,34.66,367241.0,1.9648093841642278,0.9906759906759799
2016-04-12,34.43,34.99,34.4,34.61,1168123.0,1.7151162790697776,0.5227998838222473
2016-04-13,34.7,35.11,34.51,35.07,562244.0,1.7386264850767936,1.066282420749272
2016-04-14,34.94,35.35,34.73,35.255,690737.0,1.7852001151742143,0.9015455065827271
2016-04-15,35.41,35.695,35.05,35.52,1106781.0,1.840228245363775,0.3106467099689538
2016-04-18,35.39,35.685,35.25,35.61,518021.0,1.2340425531914958,0.621644532353769
2016-04-19,35.6,35.7,35.475,35.53,712662.0,0.6342494714587777,-0.19662921348314685
2016-04-20,35.58,35.765,34.89,35.03,1214639.0,2.5078819145887072,-1.5458122540753154
2016-04-21,35.04,35.37,34.89,35.15,360786.0,1.3757523645743677,0.3139269406392678
2016-04-22,35.09,35.54,35.09,35.32,595501.0,1.282416642918198,0.6554573952692986
2016-04-25,35.33,35.655,34.95,35.07,481240.0,2.017167381974244,-0.7359184828757374
2016-04-26,35.26,35.385,35.0,35.08,268949.0,1.0999999999999943,-0.5104934770277928
2016-04-27,35.0,35.3,34.74,34.86,469928.0,1.6119746689694736,-0.40000000000000163
2016-04-28,34.7,35.07,34.7,34.89,417081.0,1.066282420749272,0.5475504322766505
2016-04-29,34.77,34.995,34.51,34.89,497718.0,1.4053897421037365,0.3451251078515888
2016-05-02,35.0,35.43,34.89,35.37,644995.0,1.5477214101461712,1.0571428571428498
2016-05-03,35.0,35.05,34.441,34.64,367270.0,1.768241340263043,-1.028571428571427
2016-05-04,34.57,35.06,34.43,34.93,1839547.0,1.8297995933778757,1.0413653456754395
2016-05-05,34.93,35.1,34.33,34.41,590993.0,2.242936207398786,-1.4886916690523995
2016-05-06,34.1,34.9,34.0,34.5,521545.0,2.6470588235294077,1.1730205278592334
2016-05-09,34.5,34.71,34.2705,34.4,672542.0,1.2824440845625318,-0.28985507246377223
2016-05-10,34.05,34.72,33.68,34.49,647196.0,3.087885985748216,1.2922173274596325
2016-05-11,34.27,34.64,34.16,34.16,235815.0,1.4051522248243677,-0.3209804493726482
2016-05-12,33.88,34.05,33.26,33.89,791925.0,2.3752254960913985,0.029515938606841825
2016-05-13,33.62,34.0,33.1283,33.7,447314.0,2.6312850342456358,0.2379535990482017
2016-05-16,32.97,33.92,32.96,33.65,510817.0,2.9126213592233037,2.0624810433727623
2016-05-17,33.42,33.75,33.35,33.5,411257.0,1.1994002998500706,0.23937761819269385
2016-05-18,33.54,34.0,33.26,33.99,648733.0,2.2248947684906857,1.3416815742397221
2016-05-19,33.75,34.06,33.24,34.03,716580.0,2.4669073405535507,0.8296296296296329
2016-05-20,33.98,34.32,33.82,34.28,1083461.0,1.478415138971023,0.8828722778104894
2016-05-23,34.13,34.58,33.97,34.47,657437.0,1.7957020900794805,0.9961910342806807
2016-05-24,34.36,34.68,34.21,34.41,437542.0,1.3738672902660007,0.14551804423747716
2016-05-25,34.44,34.74,34.13,34.17,459899.0,1.787283914444768,-0.7839721254355286
2016-05-26,34.19,34.43,33.81,33.9,618178.0,1.8337769890564843,-0.848201228429363
2016-05-27,33.7,34.31,33.7,34.24,650296.0,1.8100890207715115,1.6023738872403535
2016-05-31,34.15,34.5,34.06,34.37,846266.0,1.2918379330593004,0.6442166910688107
2016-06-01,34.17,34.43,33.82,33.82,468284.0,1.8036664695446465,-1.0242903131401855
2016-06-02,33.8,33.9899,33.38,33.9,485773.0,1.8271420011983106,0.2958579881656847
2016-06-03,33.95,34.06,33.73,33.96,182296.0,0.9783575452119936,0.029455081001466894
2016-06-06,33.73,33.98,33.59,33.76,262901.0,1.1610598392378488,0.08894159501927405
2016-06-07,33.7,33.75,33.4,33.41,306964.0,1.0479041916167708,-0.8605341246290986
2016-06-08,33.28,33.87,33.15,33.55,427784.0,2.171945701357463,0.811298076923065
2016-06-09,33.33,33.67,33.17,33.34,339407.0,1.507386192342478,0.03000300030004535
2016-06-10,33.15,33.34,32.83,33.1,605889.0,1.5534572037770489,-0.15082956259425992
2016-06-13,32.88,33.085,32.69,32.75,677462.0,1.2083205873355862,-0.395377128953779
2016-06-14,32.75,32.96,32.46,32.78,387240.0,1.5403573629081946,0.09160305343511797
2016-06-15,32.89,33.055,32.4,32.43,605371.0,2.0216049382716084,-1.3986013986014012
2016-06-16,32.4,32.465,31.98,32.41,638236.0,1.516572858036282,0.030864197530858062
2016-06-17,32.46,32.76,32.44,32.65,299988.0,0.9864364981504324,0.5853357979051069
2016-06-20,32.91,33.37,32.71,32.73,494213.0,2.0177315805563945,-0.5469462169553319
2016-06-21,32.86,33.07,32.56,32.66,272484.0,1.5663390663390602,-0.6086427267194243
2016-06-22,31.7,32.64,31.7,32.3,724025.0,2.9652996845425905,1.8927444794952615
2016-06-23,32.41,32.7701,32.41,32.69,167120.0,1.1110768281394716,0.8639308855291612
2016-06-24,32.1,32.1,31.14,31.21,1301574.0,3.0828516377649353,-2.772585669781933
2016-06-27,30.85,31.2,30.38,30.4,1117307.0,2.699144173798553,-1.4586709886547902
2016-06-28,30.68,31.32,30.55,31.3,1423020.0,2.5204582651391148,2.0208604954367697
2016-06-29,31.31,32.33,31.31,32.28,832501.0,3.2577451293516435,3.0980517406579446
2016-06-30,32.12,32.61,32.0,32.6,631729.0,1.9062499999999982,1.4943960149439728
2016-07-01,32.64,33.2,32.55,33.1,1814565.0,1.996927803379434,1.4093137254901986
2016-07-05,33.06,33.06,32.495,32.55,1562888.0,1.7387290352362053,-1.5426497277677105
2016-07-06,32.21,32.69,32.14,32.22,1172178.0,1.7112632233976264,0.031046258925793265
2016-07-07,32.34,32.53,31.9,31.96,841211.0,1.974921630094052,-1.1750154607297543
2016-07-08,32.26,32.41,31.99,32.03,1331455.0,1.3129102844638891,-0.7129572225666364
2016-07-11,32.26,32.67,31.9,32.66,1445828.0,2.413793103448286,1.239925604463728
2016-07-12,32.65,33.11,32.65,32.84,4398316.0,1.4088820826952553,0.58192955589588
2016-07-13,32.78,36.5,32.78,36.1,8660118.0,11.348383160463694,10.128126906650397
2016-07-14,34.52,36.0,34.51,35.89,4682532.0,4.317589104607366,3.9687137891077557
2016-07-15,35.8,36.17,34.54,35.16,3907133.0,4.719166184134345,-1.7877094972067056
2016-07-18,35.02,35.34,34.81,35.2,2120049.0,1.5225509910945163,0.513992004568817
2016-07-19,34.9,36.6,34.52,36.35,9132756.0,6.025492468134409,4.154727793696283
2016-07-20,34.82,35.8,34.81,35.66,3742366.0,2.844010341855774,2.412406662837439
2016-07-21,36.8,36.83,35.88,36.2,4387897.0,2.6477146042363313,-1.6304347826086802
2016-07-22,36.36,36.4,35.25,35.65,3663429.0,3.2624113475177263,-1.952695269526955
2016-07-25,35.65,35.85,34.5018,35.04,2168963.0,3.907622211015073,-1.7110799438990167
2016-07-26,34.95,35.3,34.77,34.89,1437001.0,1.5243025596778659,-0.17167381974249576
2016-07-27,35.24,35.24,34.455,34.61,1779672.0,2.2783340589174395,-1.7877412031782138
2016-07-28,35.25,35.45,34.31,34.84,1151648.0,3.3226464587583813,-1.1631205673758769
2016-07-29,34.95,35.01,34.56,34.74,1487136.0,1.3020833333333208,-0.6008583690987148
2016-08-01,34.73,34.95,34.32,34.75,692852.0,1.8356643356643432,0.05758710048949936
2016-08-02,34.77,34.81,32.9,34.63,1329619.0,5.805471124620072,-0.4026459591601972
2016-08-03,34.83,34.96,34.56,34.85,1085913.0,1.1574074074074032,0.057421762848128416
2016-08-04,35.0,35.0,34.57,34.68,461598.0,1.2438530517789983,-0.914285714285715
2016-08-05,35.0,35.22,34.55,35.1,1204826.0,1.9392185238784423,0.2857142857142898
2016-08-08,35.0,35.245,34.02,35.11,835973.0,3.6008230452674725,0.31428571428571267
2016-08-09,35.22,35.25,34.43,35.03,4334759.0,2.3816439151902418,-0.5394662123793235
2016-08-10,35.01,35.21,34.73,35.03,1234011.0,1.3820904117477801,0.057126535275644465
2016-08-11,35.05,35.58,34.1188,35.55,1715033.0,4.2826828610619305,1.4265335235378032
2016-08-12,35.58,35.67,35.1,35.26,1096279.0,1.6239316239316248,-0.8993816750983707
2016-08-15,35.16,35.47,35.02,35.32,1250624.0,1.2849800114220322,0.4550625711035373
2016-08-16,35.26,35.4,35.11,35.26,1003013.0,0.8259755055539709,0.0
2016-08-17,35.63,35.91,35.16,35.88,1627743.0,2.1331058020477816,0.7016559079427448
2016-08-18,35.68,36.29,35.56,36.24,1142727.0,2.0528683914510597,1.5695067264574054
2016-08-19,36.24,36.45,35.93,36.31,906921.0,1.4472585583078295,0.193156732891833
2016-08-22,36.09,36.4,36.01,36.34,1318433.0,1.0830324909747309,0.6927126627874757
2016-08-23,36.3,36.82,36.2,36.42,1099975.0,1.712707182320435,0.33057851239670677
2016-08-24,36.52,36.565,36.315,36.42,983179.0,0.6884207627702051,-0.27382256297919333
2016-08-25,36.36,36.67,36.08,36.56,984239.0,1.635254988913535,0.5500550055005579
2016-08-26,36.45,37.07,36.41,37.06,1541161.0,1.812688821752276,1.6735253772290792
2016-08-29,37.06,37.47,36.87,37.47,2551307.0,1.6273393002441048,1.106314085267125
2016-08-30,37.46,37.5,36.96,37.24,1351651.0,1.4610389610389587,-0.587293112653494
2016-08-31,37.16,37.49,36.38,37.32,2864364.0,3.0511269928532143,0.4305705059203545
2016-09-01,37.5,37.5,36.55,37.06,2433583.0,2.5991792065663555,-1.1733333333333273
2016-09-02,37.32,37.67,36.29,37.5,1223116.0,3.8027004684486156,0.48231511254019216
2016-09-06,37.5,37.835,37.245,37.32,2226724.0,1.5841052490267242,-0.47999999999999926
2016-09-07,37.4,37.795,37.4,37.76,974562.0,1.0561497326203293,0.9625668449197846
2016-09-08,37.57,37.8,37.435,37.69,1051195.0,0.9750233738479894,0.3194037796113853
2016-09-09,37.56,37.7799,37.05,37.05,1115399.0,1.9700404858299614,-1.3578274760383522
2016-09-12,37.03,37.585,36.77,37.55,1068024.0,2.21648082676094,1.404266810694021
2016-09-13,37.34,37.47,36.96,36.99,879628.0,1.3798701298701244,-0.937332619175151
2016-09-14,37.0,37.27,36.23,36.37,1406530.0,2.870549268561983,-1.7027027027027095
2016-09-15,36.46,36.99,36.25,36.51,2886353.0,2.041379310344833,0.13713658804168172
2016-09-16,37.55,37.55,36.46,36.66,3148913.0,2.9895776193088213,-2.3701731025299617
2016-09-19,36.71,36.94,36.45,36.5,853479.0,1.344307270233182,-0.5720512122037615
2016-09-20,36.69,36.88,36.46,36.71,1243949.0,1.1519473395501967,0.05451076587626909
2016-09-21,36.93,37.12,36.62,36.93,851955.0,1.365374112506827,0.0
2016-09-22,37.0,37.45,36.46,36.77,1510977.0,2.715304443225458,-0.6216216216216132
2016-09-23,36.67,37.13,36.64,36.66,1141445.0,1.33733624454149,-0.027270248159272197
2016-09-26,36.38,36.51,35.94,36.25,1482878.0,1.5859766277128557,-0.35733919736119446
2016-09-27,36.69,36.69,35.08,35.64,2134809.0,4.589509692132268,-2.8618152085036717
2016-09-28,35.81,36.82,35.65,36.78,3658413.0,3.2819074333800895,2.7087405752583043
2016-09-29,36.84,37.35,36.5,37.31,3570877.0,2.328767123287675,1.275787187839302
2016-09-30,37.35,37.75,37.13,37.55,3143882.0,1.6698087799622876,0.5354752342704036
2016-10-03,37.29,37.7,37.29,37.52,2758812.0,1.0994904800214633,0.6167873424510699
2016-10-04,37.52,37.65,36.91,37.0,2266782.0,2.004876727174213,-1.3859275053304987
2016-10-05,37.27,37.28,36.28,36.75,2568413.0,2.7563395810363835,-1.3952240407834802
2016-10-06,36.65,36.8,36.3,36.7,1225498.0,1.3774104683195594,0.13642564802183976
2016-10-07,36.58,36.825,36.255,36.41,1427361.0,1.5721969383533312,-0.464734827774745
2016-10-10,36.41,36.695,36.35,36.57,994047.0,0.9491059147180162,0.4394397143641958
2016-10-11,36.67,36.68,35.82,36.12,1384873.0,2.4008933556672236,-1.4998636487592154
2016-10-12,36.16,36.55,35.91,36.26,1212906.0,1.7822333611807313,0.2765486725663756
2016-10-13,36.19,36.46,35.84,36.17,1147670.0,1.729910714285707,-0.055263885051108096
2016-10-14,36.27,36.76,36.27,36.6,1807726.0,1.350978770333595,0.9098428453267116
2016-10-17,36.65,36.74,36.49,36.58,1404660.0,0.6851192107426691,-0.19099590723056012
2016-10-18,36.72,37.39,36.59,37.3,1685897.0,2.1863897239682895,1.5795206971677516
2016-10-19,37.29,37.68,37.17,37.53,1843336.0,1.3720742534301802,0.6436041834271976
2016-10-20,37.53,37.685,37.28,37.65,2130182.0,1.086373390557943,0.31974420463628417
2016-10-21,37.51,37.79,37.22,37.64,1730589.0,1.5314347125201513,0.3465742468675088
2016-10-24,37.71,37.85,37.61,37.81,1213611.0,0.6381281574049508,0.2651816494298632
2016-10-25,37.84,37.85,37.55,37.61,1303080.0,0.7989347536617958,-0.607822410148002
2016-10-26,37.39,37.78,37.27,37.4,3006416.0,1.3683928092299382,0.0267451190157743
2016-10-27,37.53,37.53,36.86,36.88,1273677.0,1.8176885512750995,-1.7319477751132388
2016-10-28,36.97,37.245,36.88,36.9,1432267.0,0.9896963123644112,-0.189342710305654
2016-10-31,37.0,37.32,36.685,36.79,1468665.0,1.7309527054654434,-0.5675675675675699
2016-11-01,36.9,37.27,36.28,36.82,6937891.0,2.728776185226025,-0.21680216802167562
2016-11-02,36.82,37.17,36.68,36.8,2368061.0,1.3358778625954253,-0.05431830526888411
2016-11-03,36.9,36.9,36.11,36.16,2513340.0,2.1877596233730245,-2.0054200542005476
2016-11-04,36.1,36.25,35.32,35.53,2842594.0,2.633069082672706,-1.5789473684210533
2016-11-07,35.9,35.94,35.0201,35.73,2904839.0,2.6267771936687745,-0.4735376044568293
2016-11-08,35.6,35.885,35.29,35.6,2191531.0,1.686030036837628,0.0
2016-11-09,35.47,35.81,35.15,35.41,3803938.0,1.8776671408250463,-0.16915703411334163
2016-11-10,35.55,36.11,35.29,35.31,2987988.0,2.3236044205157276,-0.6751054852320532
2016-11-11,35.33,35.96,35.28,35.49,3254720.0,1.9274376417233552,0.45287291253892925
2016-11-14,35.49,35.925,34.95,34.99,2057153.0,2.789699570815434,-1.4088475626937165
2016-11-15,35.17,35.66,34.13,34.75,2973886.0,4.482859654263094,-1.1941996019334706
2016-11-16,34.58,35.04,34.58,34.95,2394480.0,1.330248698669754,1.0699826489300306
2016-11-17,35.09,35.465,34.93,35.4,1589844.0,1.531634697967374,0.8834425762325311
2016-11-18,35.36,35.39,34.88,34.94,2439141.0,1.4621559633027466,-1.1877828054298691
2016-11-21,35.15,36.02,35.15,35.82,2870469.0,2.4751066856330146,1.9061166429587533
2016-11-22,35.69,36.05,35.61,36.01,2450058.0,1.2356079752878342,0.8966096945923238
2016-11-23,35.75,36.075,35.33,35.47,1744969.0,2.1086894990093534,-0.7832167832167863
2016-11-25,35.5,35.74,35.37,35.47,453936.0,1.0460842521911353,-0.08450704225352433
2016-11-28,35.49,36.02,35.41,35.82,3244056.0,1.722677209827751,0.929839391377848
2016-11-29,35.78,36.0,35.54,35.64,2248913.0,1.2943162633652245,-0.39128004471772093
2016-11-30,35.9,36.185,35.69,35.94,8228307.0,1.386943121322512,0.1114206128133681
2016-12-01,35.88,36.15,35.01,35.11,2153568.0,3.2562125107112276,-2.1460423634336765
2016-12-02,35.21,35.32,34.69,34.88,4293530.0,1.816085327183634,-0.93723374041465
2016-12-05,34.96,35.17,34.79,34.9,2646352.0,1.0922678930727294,-0.17162471395881657
2016-12-06,34.95,35.25,34.75,35.12,4843846.0,1.4388489208633095,0.4864091559370375
2016-12-07,35.28,35.49,35.09,35.28,4843725.0,1.1399259048161827,0.0
2016-12-08,35.31,36.03,35.25,35.72,4060741.0,2.2127659574468117,1.1611441517983478
2016-12-09,35.84,35.975,35.6,35.7,2406553.0,1.053370786516854,-0.39062500000000155
2016-12-12,35.76,36.06,35.62,35.76,2696860.0,1.2352610892757014,0.0
2016-12-13,35.98,36.1,35.19,35.42,3655845.0,2.585961921000295,-1.5564202334630217
2016-12-14,35.25,35.32,34.44,34.49,3822363.0,2.555168408826953,-2.1560283687943205
2016-12-15,34.58,35.38,34.41,34.69,3437680.0,2.8189479802383204,0.3181029496818954
2016-12-16,34.75,34.9525,34.44,34.76,4160178.0,1.4880952380952466,0.02877697841726046
2016-12-19,34.62,34.83,34.2,34.58,2589259.0,1.8421052631578814,-0.11554015020219281
2016-12-20,34.64,35.31,34.45,35.21,3075531.0,2.4963715529753245,1.6454965357967675
2016-12-21,35.3,35.57,35.02,35.41,2140719.0,1.5705311250713796,0.31161473087818536
2016-12-22,35.42,35.63,35.07,35.49,1933880.0,1.5968063872255553,0.19762845849802452
2016-12-23,35.36,35.795,35.33,35.39,1530149.0,1.3161619020662425,0.08484162895927923
2016-12-27,35.24,35.6,35.0,35.3,1471936.0,1.7142857142857182,0.17026106696933926
2016-12-28,35.45,35.45,34.95,35.26,1874053.0,1.4306151645207437,-0.5359661495063606
2016-12-29,35.19,35.4,34.97,35.11,1282244.0,1.2296253931941656,-0.2273373117362839
2016-12-30,35.09,35.58,35.09,35.41,2637317.0,1.3964092333998142,0.91194072385293
2017-01-03,35.62,36.12,35.555,35.92,2792168.0,1.5890873294895171,0.8422234699607083
2017-01-04,35.92,36.23,35.785,36.2,1651319.0,1.243537795165573,0.7795100222717181
2017-01-05,36.11,36.58,36.11,36.29,1786706.0,1.3015785101080002,0.49847687621157494
2017-01-06,36.18,36.78,36.11,36.66,1541366.0,1.8554417058986479,1.326699834162512
2017-01-09,36.56,36.805,36.44,36.57,1395515.0,1.0016465422612568,0.027352297592992368
2017-01-10,36.57,36.74,36.47,36.61,1242192.0,0.7403345215245493,0.10937927262783469
2017-01-11,36.58,36.82,36.52,36.77,1556735.0,0.8214676889375607,0.5194095133953112
2017-01-12,36.68,36.86,36.44,36.8,1070778.0,1.1525795828759653,0.3271537622682591
2017-01-13,36.8,37.11,36.7274,37.03,1969065.0,1.0417290633151175,0.6250000000000109
2017-01-17,37.4,38.34,37.03,38.33,4523418.0,3.537672157709971,2.48663101604278
2017-01-18,38.39,38.63,38.2,38.6,3165118.0,1.1256544502617793,0.5470174524615807
2017-01-19,38.4,38.75,38.07,38.17,2763940.0,1.7861833464670338,-0.5989583333333253
2017-01-20,38.01,38.82,38.01,38.79,3220481.0,2.1310181531176067,2.052091554853989
2017-01-23,38.35,38.98,38.35,38.75,2292817.0,1.6427640156453598,1.0430247718383274
2017-01-24,38.75,39.12,38.59,39.0,3532697.0,1.37341280124383,0.6451612903225806
2017-01-25,39.01,39.88,38.98,39.79,2842072.0,2.30887634684455,1.9994873109459144
2017-01-26,39.67,39.98,39.38,39.46,2331276.0,1.523616048755699,-0.5293672800605012
2017-01-27,39.39,39.52,39.16,39.46,1735966.0,0.919305413687453,0.17771007870017844
2017-01-30,39.55,39.765,39.24,39.64,2709651.0,1.3379204892966325,0.2275600505689088
2017-01-31,39.61,39.66,39.15,39.45,2360482.0,1.3026819923371598,-0.4039383993940838
2017-02-01,39.6,39.67,39.28,39.45,2008110.0,0.9928716904277,-0.3787878787878752
2017-02-02,38.09,39.5,38.08,39.44,2577201.0,3.7289915966386604,3.5442373326332217
2017-02-03,39.28,39.775,38.35,39.7,1683732.0,3.7157757496740476,1.069246435845218
2017-02-06,39.44,39.755,39.44,39.53,1781976.0,0.7986815415821623,0.22819472616633726
2017-02-07,39.53,39.69,39.31,39.51,2082267.0,0.9666751462732014,-0.05059448520112099
2017-02-08,39.6,39.89,39.43,39.71,1620413.0,1.1666243976667534,0.2777777777777763
2017-02-09,39.6,39.94,39.55,39.74,2066027.0,0.9860935524652354,0.3535353535353549
2017-02-10,39.87,39.95,39.64,39.67,1785706.0,0.7820383451059593,-0.5016302984700169
2017-02-13,39.59,39.96,39.52,39.93,2798531.0,1.1133603238866339,0.8588027279615971
2017-02-14,39.78,39.97,39.72,39.97,1419623.0,0.6294058408862034,0.4776269482151778
2017-02-15,39.99,40.72,39.89,40.4,3573418.0,2.080721985460011,1.025256314078511
2017-02-16,40.35,40.88,39.83,40.0,4471994.0,2.636203866432348,-0.867410161090462
2017-02-17,40.0,40.38,39.63,40.2,2769284.0,1.8925056775170324,0.5000000000000071
2017-02-21,40.2,40.74,40.15,40.51,2936360.0,1.4694894146949027,0.7711442786069531
2017-02-22,40.58,40.69,40.16,40.26,1415943.0,1.3197211155378517,-0.788565795958601
2017-02-23,40.54,40.65,40.12,40.34,1664011.0,1.3210368893320068,-0.4933399111988055
2017-02-24,40.33,40.4,39.87,40.08,1159400.0,1.3293202909455761,-0.6198859409868585
2017-02-27,40.16,40.27,39.9,40.1,1808201.0,0.9273182957393598,-0.149402390438235
2017-02-28,40.14,40.29,39.64,39.8,3767860.0,1.6397578203834473,-0.8470353761833668
2017-03-01,40.18,40.98,40.035,40.65,3994280.0,2.360434619707757,1.1697361871577872
2017-03-02,40.7,40.875,40.25,40.62,2046319.0,1.5527950310559007,-0.19656019656020982
2017-03-03,40.55,40.89,40.41,40.77,1768177.0,1.1878247958426231,0.5425400739827521
2017-03-06,40.64,40.8,40.42,40.67,1849863.0,0.9401286491835612,0.07381889763779807
2017-03-07,40.63,40.81,40.495,40.56,1268442.0,0.7778738115816888,-0.17228648781688477
2017-03-08,40.51,41.0,40.42,40.6,1606167.0,1.4349332013854486,0.2221673660824572
2017-03-09,40.6,40.69,40.195,40.27,1775056.0,1.2314964547829268,-0.8128078817733949
2017-03-10,40.25,40.39,39.99,40.12,2306425.0,1.0002500625156252,-0.3229813664596337
2017-03-13,40.16,40.64,40.16,40.62,2009711.0,1.1952191235059861,1.1454183266932294
2017-03-14,40.46,40.59,40.105,40.48,1137740.0,1.209325520508681,0.04943153732080084
2017-03-15,40.4,40.93,40.35,40.77,1444835.0,1.437422552664184,0.9158415841584271
2017-03-16,40.95,40.98,40.665,40.82,1232350.0,0.7746219107340409,-0.3174603174603237
2017-03-17,40.74,40.82,40.35,40.35,4907907.0,1.1648079306071841,-0.9572901325478658
2017-03-20,40.45,40.825,40.41,40.6,1494918.0,1.0269735214056082,0.37082818294190006
2017-03-21,40.6,40.8,40.315,40.43,2418844.0,1.2030261689197554,-0.4187192118226643
2017-03-22,38.42,40.61,37.82,40.16,1394471.0,7.377049180327866,4.528891202498685
2017-03-23,40.19,40.74,40.04,40.18,1490658.0,1.7482517482517552,-0.02488181139586467
2017-03-24,40.33,40.6,39.91,40.33,1461310.0,1.7288900025056497,0.0
2017-03-27,40.1,40.24,39.62,40.12,2303423.0,1.5648662291771949,0.049875311720688334
2017-03-28,39.99,41.81,39.4,41.41,4220653.0,6.116751269035543,3.5508877219304686
2017-03-29,41.58,41.82,41.29,41.52,2266399.0,1.2836037781545195,-0.1443001443001327
2017-03-30,41.6,41.759,41.172,41.63,1516824.0,1.4257262217040787,0.07211538461538734
2017-03-31,41.25,42.18,41.25,41.95,2942932.0,2.254545454545454,1.6969696969697037
2017-04-03,42.04,42.2,41.7,41.78,3547129.0,1.1990407673860912,-0.6184586108468078
2017-04-04,41.89,42.045,41.74,42.0,2165879.0,0.7307139434595106,0.26259250417760666
2017-04-05,42.05,42.3,41.815,41.92,1898342.0,1.1598708597393268,-0.30915576694410335
2017-04-06,41.99,42.29,41.89,42.2,1534555.0,0.9548818333731166,0.5001190759704711
2017-04-07,42.04,42.34,42.04,42.18,1320811.0,0.71360608943864,0.33301617507136194
2017-04-10,42.13,42.405,41.43,42.21,1380008.0,2.353367125271546,0.18988844054117798
2017-04-11,42.21,42.45,42.0,42.44,1456810.0,1.0714285714285783,0.5448945747453136
2017-04-12,42.49,42.62,42.26,42.44,1601896.0,0.8518693800283944,-0.11767474699930398
2017-04-13,42.44,42.59,42.07,42.21,2083901.0,1.2360351794628075,-0.5419415645617268
2017-04-17,42.2,42.68,42.1848,42.63,1387051.0,1.1738825358896972,1.0189573459715633
2017-04-18,42.51,42.8,42.45,42.78,1224721.0,0.8244994110718359,0.6351446718419269
2017-04-19,42.87,43.06,42.67,42.91,1452479.0,0.9139910944457477,0.0933053417308121
2017-04-20,43.01,43.5,42.95,43.4,1127018.0,1.2805587892898653,0.9067658684026983
2017-04-21,43.42,43.54,43.12,43.25,690499.0,0.974025974025978,-0.3915246430216529
2017-04-24,43.47,43.96,43.41,43.81,1156139.0,1.2669891730016225,0.7821486082355725
2017-04-25,43.9,43.92,43.64,43.76,1272113.0,0.6416131989000942,-0.31890660592255254
2017-04-26,43.76,44.0,43.54,43.65,1812662.0,1.0564997703261387,-0.25137111517367333
2017-04-27,43.6,43.99,43.52,43.71,1237493.0,1.079963235294115,0.25229357798165003
2017-04-28,43.9,44.0,43.35,43.4,1370512.0,1.499423298731254,-1.1389521640091116
2017-05-01,43.33,43.75,43.15,43.66,1781384.0,1.390498261877176,0.7615970459266058
2017-05-02,43.74,43.79,43.46,43.71,1669958.0,0.7593189139438525,-0.06858710562414526
2017-05-03,43.73,43.73,43.305,43.58,1756170.0,0.9814109225262607,-0.3430139492339323
2017-05-04,43.63,43.92,43.35,43.85,2365732.0,1.3148788927335646,0.5042402016960781
2017-05-05,43.66,43.83,43.62,43.73,2088628.0,0.48143053645117123,0.16032982134677115
2017-05-08,43.77,44.0,43.51,43.99,1200257.0,1.1261778901402022,0.5026273703449825
2017-05-09,43.79,43.98,43.47,43.5,976253.0,1.1732229123533424,-0.6622516556291371
2017-05-10,43.61,43.9,43.09,43.44,1438665.0,1.8797864933859252,-0.3898188488878737
2017-05-11,43.36,43.71,43.11,43.44,1090967.0,1.3917884481558835,0.18450184501844624
2017-05-12,43.37,43.5,43.02,43.2,1284282.0,1.1157601115760039,-0.391976020290511
2017-05-15,43.25,43.74,43.185,43.73,1887258.0,1.285168461271274,1.1098265895953685
2017-05-16,43.6,43.9,43.34,43.86,1290523.0,1.292108906322093,0.5963302752293532
2017-05-17,43.66,43.9,43.22,43.24,1323841.0,1.5733456732993978,-0.9619789280806108
2017-05-18,43.32,44.3,43.2399,44.11,2644853.0,2.4516707947983196,1.8236380424746055
2017-05-19,44.19,44.47,43.9,44.3,1648002.0,1.298405466970388,0.24892509617560407
2017-05-22,44.43,44.88,44.36,44.7,1125252.0,1.1722272317403135,0.6076975016880557
2017-05-23,44.75,44.85,44.48,44.68,676608.0,0.831834532374111,-0.15642458100558723
2017-05-24,44.75,45.03,44.64,44.83,1437365.0,0.873655913978496,0.17877094972066657
2017-05-25,46.7,47.06,45.84,45.9,12220311.0,2.6614310645724233,-1.7130620985010798
2017-05-26,46.0,46.47,45.72,46.26,5078591.0,1.6404199475065617,0.5652173913043435
2017-05-30,46.16,46.39,45.9,46.28,5602350.0,1.0675381263616601,0.2599653379549492
2017-05-31,46.31,46.5,45.84,45.85,7649244.0,1.4397905759162228,-0.9933059814294987
2017-06-01,46.07,46.94,45.9,46.61,58233574.0,2.265795206971676,1.1721293683525051
2017-06-02,46.76,47.08,45.97,47.06,5727129.0,2.4146182292799643,0.6415739948674172
2017-06-05,47.03,47.2,46.71,46.8,4082775.0,1.0490259045172383,-0.48904954284500096
2017-06-06,46.81,46.81,46.36,46.63,2320343.0,0.9706643658326205,-0.384533219397564
2017-06-07,46.91,46.91,46.38,46.62,2311536.0,1.1427339370418155,-0.6182050735450846
2017-06-08,46.66,47.03,46.17,46.48,2988432.0,1.8626813948451362,-0.38576939562794627
2017-06-09,46.73,46.73,46.05,46.32,2199217.0,1.4766558089033655,-0.877380697624645
2017-06-12,46.19,46.46,45.7,46.31,3881811.0,1.6630196936542625,0.2597964927473578
2017-06-13,46.4,46.705,46.32,46.6,2363774.0,0.8311744386873878,0.4310344827586268
2017-06-14,46.76,47.22,46.67,47.19,2598530.0,1.178487250910643,0.9195893926432843
2017-06-15,47.05,47.48,46.43,47.32,3074953.0,2.2614688778806746,0.5738575982996879
2017-06-16,47.28,47.67,46.26,47.53,4775275.0,3.0479896238651185,0.5287648054145516
2017-06-19,47.56,47.92,47.48,47.86,2091634.0,0.9267059814658906,0.6307821698906585
2017-06-20,47.63,47.84,46.9,46.94,3040727.0,2.0042643923241044,-1.4486668066344843
2017-06-21,47.0,47.08,46.57,46.77,2634053.0,1.0951256173502213,-0.48936170212765295
2017-06-22,46.75,46.87,46.385,46.68,2280866.0,1.045596636843806,-0.1497326203208562
2017-06-23,46.69,46.735,46.2,46.55,17497046.0,1.1580086580086504,-0.29985007496252
2017-06-26,46.59,46.89,46.315,46.4,3711416.0,1.2414984346324147,-0.4078128353724078
2017-06-27,46.68,46.755,45.28,45.37,4857637.0,3.2575088339222646,-2.8063410454156004
2017-06-28,45.69,45.79,44.99,45.05,4608133.0,1.7781729273171751,-1.4007441453272065
2017-06-29,45.03,45.07,44.15,44.19,2785844.0,2.0838052095130277,-1.8654230512991414
2017-06-30,44.27,44.32,44.03,44.04,2445731.0,0.6586418351124214,-0.5195391913259634
2017-07-03,44.21,44.61,44.06,44.17,2064755.0,1.2482977757603204,-0.09047726758651696
2017-07-05,44.2,44.58,44.02,44.34,1805603.0,1.2721490231712747,0.31674208144796506
2017-07-06,44.05,44.255,43.84,43.93,1894456.0,0.9466240875912388,-0.27241770715095903
2017-07-07,44.0,44.35,43.985,44.27,1383722.0,0.8298283505740639,0.6136363636363708
2017-07-10,44.26,44.26,43.71,43.72,1466288.0,1.258293296728431,-1.2200632625395371
2017-07-11,43.66,43.93,43.34,43.79,1636363.0,1.3613290263036368,0.2977553825011511
2017-07-12,43.95,44.51,43.79,44.48,1765771.0,1.6442110070792393,1.2059158134243322
2017-07-13,44.4,44.7904,44.1396,44.5,1491154.0,1.4744129987584769,0.22522522522522842
2017-07-14,44.43,44.995,44.354,44.76,1371667.0,1.4451909636109443,0.7427413909520556
2017-07-17,44.71,45.48,44.63,45.26,1822859.0,1.9045485099708586,1.2301498546186471
2017-07-18,45.19,45.47,44.87,45.39,1457822.0,1.3371963449966602,0.4425757911042329
2017-07-19,45.35,45.47,45.25,45.39,1348973.0,0.48618784530386494,0.0882028665931624
2017-07-20,45.37,45.56,45.23,45.29,1084847.0,0.7296042449701645,-0.17632797002424136
2017-07-21,45.23,45.875,45.23,45.65,1822297.0,1.4260446606234871,0.9285872208711071
2017-07-24,45.67,45.85,45.47,45.7,2141112.0,0.8357158566087587,0.06568863586599767
2017-07-25,45.95,46.0,45.56,45.58,1571880.0,0.9657594381035947,-0.8052230685527847
2017-07-26,45.64,46.075,45.56,45.93,1531590.0,1.1303775241439873,0.6354075372480261
2017-07-27,45.94,46.17,45.64,46.07,1275011.0,1.1612620508326055,0.2829777971266926
2017-07-28,46.03,46.57,45.737,46.53,2197091.0,1.8212825502328494,1.0862480990658265
2017-07-31,46.52,46.74,46.14,46.65,1552992.0,1.3003901170351135,0.27944969905416045
2017-08-01,46.75,47.23,46.7,47.18,3440323.0,1.1349036402569466,0.919786096256684
2017-08-02,47.02,47.11,46.77,46.99,1511739.0,0.7269617276031565,-0.06380263717567233
2017-08-03,46.91,47.0499,46.49,46.66,1987487.0,1.2043450204344999,-0.5329354082285228
2017-08-04,46.73,46.73,46.2,46.39,1368588.0,1.1471861471861342,-0.7275839931521427
2017-08-07,46.32,46.47,45.905,45.98,2037915.0,1.2308027447990364,-0.7340241796200419
2017-08-08,45.96,46.02,45.31,45.34,2050064.0,1.5669830059589513,-1.3489991296779753
2017-08-09,45.25,45.37,44.98,45.36,2159078.0,0.8670520231213886,0.24309392265193247
2017-08-10,45.28,45.46,45.065,45.16,1240461.0,0.8765117053145526,-0.265017667844533
2017-08-11,45.31,45.83,45.1,45.65,1499860.0,1.6186252771618554,0.7503862282056859
2017-08-14,45.87,46.21,45.7796,45.98,1492804.0,0.9401567510419462,0.23980815347721698
2017-08-15,45.92,46.48,45.92,46.39,1447838.0,1.2195121951219408,1.0235191637630636
2017-08-16,46.51,47.06,46.32,46.99,1847453.0,1.5975820379965502,1.0320361212642528
2017-08-17,46.79,47.095,46.17,46.22,2019573.0,2.0034654537578453,-1.218209019021159
2017-08-18,46.15,46.2,45.61,45.75,5012231.0,1.2935759701819851,-0.866738894907906
2017-08-21,45.7,46.01,45.61,45.87,1545742.0,0.8770006577504902,0.3719912472647584
2017-08-22,46.01,46.74,45.89,46.4,1415463.0,1.8522553933318835,0.8476418169963064
2017-08-23,46.3,46.42,46.01,46.39,1363962.0,0.891110628124329,0.19438444924406786
2017-08-24,46.41,46.76,46.29,46.56,1306587.0,1.0153380859796908,0.32320620555915897
2017-08-25,46.82,46.9,46.47,46.52,1234977.0,0.9253281687109958,-0.640751815463471
2017-08-28,46.56,46.685,46.345,46.62,1418023.0,0.7336282231092963,0.1288659793814329
2017-08-29,46.53,46.76,46.38,46.4,1194117.0,0.8193186718413011,-0.2793896410917742
2017-08-30,46.52,46.62,46.34,46.52,1685759.0,0.6042296072507424,0.0
2017-08-31,46.62,47.23,46.62,46.845,3183080.0,1.3084513084513072,0.4826254826254857
2017-09-01,47.0,47.0,46.39,46.77,2081699.0,1.314938564345763,-0.48936170212765295
2017-09-05,46.56,47.42,46.55,47.25,4410810.0,1.8689581095596233,1.4819587628865931
2017-09-06,47.11,47.415,46.85,47.35,1996327.0,1.2059765208110944,0.5094459774994736
2017-09-07,47.43,47.62,47.15,47.24,2309295.0,0.99681866383881,-0.4005903436643427
2017-09-08,47.29,47.73,46.98,47.53,1667672.0,1.5964240102171137,0.5075068724889025
2017-09-11,47.71,48.15,47.64,47.95,3066951.0,1.0705289672544038,0.5030391951372919
2017-09-12,47.94,48.49,47.76,48.3,2263321.0,1.5284757118928058,0.750938673341676
2017-09-13,48.18,48.33,47.28,47.34,2443383.0,2.2208121827411107,-1.7434620174346125
2017-09-14,47.34,47.375,46.85,47.15,2764869.0,1.120597652081107,-0.40135192226447997
2017-09-15,47.15,47.54,46.97,47.4,7880793.0,1.2135405578028535,0.5302226935312832
2017-09-18,47.35,47.82,47.33,47.53,2245191.0,1.0352841749419017,0.38014783526927076
2017-09-19,47.78,47.81,47.41,47.45,1881639.0,0.8437038599451713,-0.6906655504395108
2017-09-20,47.755,48.0,47.456,47.92,1759166.0,1.1463250168577144,0.34551355878965373
2017-09-21,47.85,48.24,47.78,48.17,1682266.0,0.9627459187944764,0.6687565308254969
2017-09-22,48.0,48.53,47.82,48.43,1821100.0,1.4847344207444602,0.8958333333333327
2017-09-25,48.47,48.5,47.98,48.29,2308828.0,1.0837849103793313,-0.3713637301423555
2017-09-26,46.0,46.628,44.09,44.12,7776463.0,5.7564073486051175,-4.086956521739136
2017-09-27,44.03,44.73,43.85,43.96,6972456.0,2.0068415051311184,-0.15898251192368903
2017-09-28,44.07,44.3,43.85,44.13,3138055.0,1.0262257696693176,0.1361470388019112
2017-09-29,44.16,44.38,43.96,44.08,3687646.0,0.9554140127388573,-0.18115942028985121
2017-10-02,44.1,44.495,43.92,44.08,3749286.0,1.3091985428050905,-0.045351473922909585
2017-10-03,44.05,44.145,43.7,44.01,3054429.0,1.018306636155607,-0.090805902383653
2017-10-04,44.06,44.49,43.95,44.33,2308650.0,1.2286689419795203,0.6128007262823332
2017-10-05,44.36,44.78,44.08,44.09,1904454.0,1.5880217785843986,-0.6086564472497656
2017-10-06,44.08,44.16,43.89,43.98,2453634.0,0.6151742993848166,-0.22686025408348778
2017-10-09,43.92,44.31,43.76,44.2,2085473.0,1.2568555758683828,0.6375227686703122
2017-10-10,44.45,44.51,44.21,44.24,1001650.0,0.6785795068988851,-0.47244094488189164
2017-10-11,44.12,44.26,43.68,43.97,2371683.0,1.327838827838824,-0.339981867633723
2017-10-12,43.8,44.32,43.8,44.0,1519795.0,1.1872146118721534,0.4566210045662165
2017-10-13,44.15,44.24,43.85,43.9,988667.0,0.8893956670467517,-0.5662514156285391
2017-10-16,43.98,44.05,43.79,43.81,1553919.0,0.5937428636674995,-0.38653933606183405
2017-10-17,43.81,44.06,43.7,43.76,1573196.0,0.823798627002287,-0.11412919424789833
2017-10-18,43.58,43.79,43.5,43.63,1554089.0,0.6666666666666647,0.11473152822396573
2017-10-19,43.56,43.74,43.333,43.52,1453372.0,0.9392379941384248,-0.09182736455463532
2017-10-20,43.67,44.19,43.425,44.03,2544920.0,1.7616580310880843,0.8243645523242487
2017-10-23,44.0,44.19,43.8,43.96,1183764.0,0.8904109589041109,-0.09090909090908897
2017-10-24,44.06,44.1,43.5,43.54,1095521.0,1.3793103448275894,-1.180208806173407
2017-10-25,43.53,43.55,42.93,42.95,1515637.0,1.444211507104583,-1.332414426832066
2017-10-26,42.9,43.44,42.651,42.99,3132302.0,1.8498980094253226,0.20979020979021773
2017-10-27,42.89,43.38,42.8,43.32,4075966.0,1.3551401869159005,1.0025647003963623
2017-10-30,43.21,43.21,42.42,42.45,2243165.0,1.86232909005186,-1.7588521175653737
2017-10-31,42.59,42.79,42.4,42.61,2496324.0,0.9198113207547184,0.04695938013617286
2017-11-01,42.81,43.13,42.52,42.7,1959449.0,1.4346190028222,-0.25694931090866485
2017-11-02,42.63,43.09,42.57,42.93,1837831.0,1.2215175005872754,0.70372976776917
2017-11-03,43.0,43.51,42.66,43.49,1715419.0,1.9924988279418694,1.139534883720935
2017-11-06,43.38,43.875,43.3,43.61,1148415.0,1.3279445727482746,0.5301982480405645
2017-11-07,43.53,43.83,43.38,43.43,1965361.0,1.037344398340239,-0.22972662531587734
2017-11-08,43.7,44.44,43.345,43.93,2106676.0,2.5262429345945296,0.526315789473677
2017-11-09,43.74,43.79,43.19,43.2,1247385.0,1.3892104653855093,-1.2345679012345658
2017-11-10,43.14,43.16,42.79,42.93,1631149.0,0.8646880112175683,-0.48678720445062784
2017-11-13,42.9,43.14,42.84,42.99,2293863.0,0.7002801120448112,0.20979020979021773
2017-11-14,43.51,44.23,43.03,43.89,4060376.0,2.7887520334650144,0.873362445414853
2017-11-15,43.24,43.83,42.755,43.53,2254168.0,2.5143258098467913,0.6706753006475465
2017-11-16,43.23,43.9,43.23,43.46,1517876.0,1.549849641452699,0.5320379366180985
2017-11-17,43.34,43.78,43.31,43.62,3879743.0,1.0851997229277277,0.6460544531610383
2017-11-20,43.59,43.97,42.55,43.85,1518684.0,3.337250293772037,0.5964670796054095
2017-11-21,44.0,44.0,43.19,43.23,1642329.0,1.8754341282704385,-1.750000000000007
2017-11-22,43.21,43.85,43.18,43.43,1469452.0,1.5516442797591516,0.5091414024531332
2017-11-24,43.46,43.8,43.34,43.77,590447.0,1.0613751730502854,0.7132995858260521
2017-11-27,43.67,43.92,43.33,43.87,2032578.0,1.3616432033233405,0.4579803068467958
2017-11-28,44.1,44.78,43.89,44.62,2407656.0,2.0277967646388713,1.1791383219954557
2017-11-29,44.65,44.82,44.15,44.16,1424932.0,1.5175537938844887,-1.0974244120940695
2017-11-30,44.31,44.87,44.21,44.62,2045278.0,1.4928749151775538,0.699616339426755
2017-12-01,44.81,45.34,44.45,44.71,2235543.0,2.002249718785153,-0.22316447221602637
2017-12-04,44.88,45.27,44.44,44.44,2164522.0,1.8676867686768799,-0.9803921568627558
2017-12-05,44.63,44.96,44.39,44.67,1389476.0,1.2840729894120304,0.08962581223392145
2017-12-06,44.71,45.6,44.66,45.34,1631064.0,2.1047917599641845,1.4090807425631906
2017-12-07,45.32,45.71,45.26,45.56,1573566.0,0.9942554131683669,0.5295675198587864
2017-12-08,45.72,45.83,45.48,45.59,1376048.0,0.7695690413368546,-0.2843394575677941
2017-12-11,45.47,45.63,45.09,45.13,964310.0,1.1976047904191596,-0.7477457664394025
2017-12-12,45.13,45.45,45.04,45.2,1307178.0,0.9103019538188359,0.15510746731664143
2017-12-13,45.34,45.53,44.93,44.99,1732240.0,1.3354106387714255,-0.77194530216145
2017-12-14,45.01,45.26,44.8,44.88,1483068.0,1.0267857142857162,-0.288824705620963
2017-12-15,45.05,45.62,44.53,45.53,2487878.0,2.447788008084429,1.0654827968923508
2017-12-18,45.65,46.1,44.53,45.53,1721256.0,3.5257130024702454,-0.2628696604600163
2017-12-19,45.47,45.47,44.89,45.07,1338163.0,1.2920472265537943,-0.8797009016934211
2017-12-20,45.18,45.65,45.16,45.43,1276758.0,1.085031000885744,0.5533421868083223
2017-12-21,45.63,45.63,45.0,45.04,1134148.0,1.4000000000000057,-1.293008985316685
2017-12-22,45.13,45.14,44.67,45.05,1747740.0,1.0521602865457775,-0.17726567693331574
2017-12-26,45.18,45.32,44.93,45.0,665013.0,0.8680169152014257,-0.3984063745019914
2017-12-27,45.0,45.22,44.93,45.17,1351700.0,0.6454484754061856,0.37777777777778154
2017-12-28,45.17,45.31,44.9,45.29,873197.0,0.9131403118040171,0.2656630506973598
2017-12-29,45.36,45.5,45.11,45.15,1105492.0,0.8645533141210388,-0.46296296296296485
2018-01-02,45.95,45.95,44.84,45.55,1870497.0,2.4754683318465642,-0.8705114254624715
2018-01-03,45.32,45.4,44.93,45.21,2437398.0,1.0460716670376116,-0.2427184466019405
2018-01-04,45.36,45.85,45.32,45.68,3053304.0,1.1694616063548129,0.7054673721340394
2018-01-05,45.75,46.07,45.49,45.95,1750465.0,1.2750054957133397,0.43715846994536145
2018-01-08,45.99,46.76,45.96,46.68,2255573.0,1.7406440382941626,1.5003261578603995
2018-01-09,46.72,46.89,46.35,46.8,1654751.0,1.1650485436893185,0.17123287671232512
2018-01-10,46.83,46.99,46.61,46.97,1917264.0,0.8152756919116124,0.29895366218236297
2018-01-11,46.95,47.575,46.85,47.46,2392944.0,1.5474919957310596,1.0862619808306666
2018-01-12,47.42,47.96,47.34,47.85,2642034.0,1.3096746937051065,0.9067903838043014
2018-01-16,48.0,48.5,47.571,47.99,3945394.0,1.9528704462803013,-0.020833333333329186
2018-01-17,48.01,48.1,47.61,47.87,3180823.0,1.0291955471539633,-0.2916059154342857
2018-01-18,47.75,47.92,47.34,47.65,3716665.0,1.225179552175746,-0.20942408376963648
2018-01-19,47.86,48.93,47.86,48.87,3006693.0,2.2356874216464697,2.110321771834513
2018-01-22,48.77,48.93,47.92,48.37,2073591.0,2.1076794657762896,-0.8201763379126629
2018-01-23,48.21,48.64,48.06,48.51,1431737.0,1.206824802330417,0.6222775357809524
2018-01-24,48.5,49.1,48.42,48.68,1570001.0,1.404378356051218,0.3711340206185561
2018-01-25,48.91,49.19,48.45,48.45,1703345.0,1.5273477812177396,-0.9405029646288976
2018-01-26,48.54,48.68,48.03,48.24,2803898.0,1.3533208411409505,-0.6180469715698335
2018-01-29,48.02,48.24,47.44,47.55,2275243.0,1.6863406408094523,-0.9787588504789795
2018-01-30,47.54,47.99,47.41,47.78,1744045.0,1.2233705969204924,0.5048380311316828
2018-01-31,47.82,48.06,47.59,47.73,2505388.0,0.9876024374868645,-0.18820577164367086
2018-02-01,47.65,47.93,47.25,47.6,1290013.0,1.4391534391534386,-0.10493179433367715
2018-02-02,47.27,47.83,46.995,47.02,2085537.0,1.7767847643366337,-0.5288766659614977
2018-02-05,46.7,46.92,45.14,45.15,4396718.0,3.9432875498449294,-3.3190578158458335
2018-02-06,44.74,45.82,44.27,45.79,4026014.0,3.5012423763270775,2.3468931604827827
2018-02-07,45.54,46.145,45.14,45.17,1571268.0,2.2264067346034615,-0.8124725516029808
2018-02-08,45.22,45.25,43.72,43.73,2316429.0,3.4995425434583742,-3.295002211410884
2018-02-09,44.2,44.66,43.07,44.31,2171416.0,3.691664731831893,0.24886877828054166
2018-02-12,44.51,45.385,44.345,45.21,2516593.0,2.3452474912616963,1.5726802965625768
2018-02-13,44.96,45.38,44.59,45.3,1131666.0,1.7716976900650347,0.7562277580071092
2018-02-14,45.0,46.16,44.76,46.1,1587213.0,3.127792672028594,2.4444444444444478
2018-02-15,46.4,46.55,45.84,46.54,930796.0,1.548865619546234,0.30172413793103575
2018-02-16,46.42,47.05,46.385,46.77,1336363.0,1.4336531206208887,0.7539853511417522
2018-02-20,46.68,46.96,46.47,46.6,1569387.0,1.054443727135791,-0.17137960582690295
2018-02-21,46.7,47.27,46.44,46.45,1770346.0,1.7872523686477293,-0.5353319057815845
2018-02-22,46.57,47.25,46.52,46.82,1755381.0,1.5692175408426414,0.5368262830148164
2018-02-23,47.01,47.43,46.775,47.43,982547.0,1.4003206841261382,0.8934269304403355
2018-02-26,47.55,47.64,47.0,47.6,958923.0,1.3617021276595758,0.10515247108307943
2018-02-27,47.57,47.7,46.99,47.01,1071164.0,1.5109597786763158,-1.1772125289047766
2018-02-28,47.2,47.64,47.04,47.05,1847958.0,1.2755102040816357,-0.31779661016950356
2018-03-01,47.01,47.18,45.85,46.06,3071320.0,2.900763358778622,-2.0208466283769324
2018-03-02,45.87,46.41,45.78,46.16,3186857.0,1.3761467889908157,0.6322214955308462
2018-03-05,46.0,47.66,45.765,47.41,3070326.0,4.140718889981418,3.06521739130434
2018-03-06,47.44,47.73,47.18,47.51,2229695.0,1.1657481983891418,0.1475548060708269
2018-03-07,47.29,48.0,46.295,47.48,2089168.0,3.6829031212873926,0.4017762740537063
2018-03-08,47.53,48.17,47.43,48.09,1488634.0,1.560193970061147,1.178203240058915
2018-03-09,48.4,49.09,48.13,49.06,1535635.0,1.9945979638479137,1.3636363636363713
2018-03-12,49.0,49.49,48.94,49.11,1349279.0,1.1238250919493344,0.22448979591836618
2018-03-13,49.27,49.41,48.87,48.97,1246152.0,1.104972375690606,-0.608889790947847
2018-03-14,49.21,49.28,48.78,48.84,1850710.0,1.025010250102501,-0.751879699248115
2018-03-15,48.92,49.27,48.6302,48.91,1687005.0,1.3156433656452184,-0.020441537203608168
2018-03-16,48.87,49.04,48.63,48.78,2538539.0,0.8431009664815886,-0.18416206261509374
2018-03-19,48.73,48.84,48.29,48.7,1871910.0,1.1389521640091205,-0.06156371844858206
2018-03-20,48.8,49.22,48.585,49.1,2211919.0,1.306987753421834,0.6147540983606645
2018-03-21,49.11,49.34,48.73,48.79,2053734.0,1.2517956084547641,-0.651598452453676
2018-03-22,48.55,48.69,47.75,47.77,2088532.0,1.9685863874345504,-1.6065911431513782
2018-03-23,47.91,48.13,46.83,46.87,2068264.0,2.775998291693368,-2.170736798163221
2018-03-26,47.37,48.14,46.89,48.03,2509165.0,2.6658136063126463,1.3932868904369933
2018-03-27,50.0,50.0,48.16,48.6,3385787.0,3.8205980066445258,-2.799999999999997
2018-03-28,48.71,49.35,47.45,47.95,3383500.0,4.00421496311907,-1.56025456785054
2018-03-29,48.31,48.66,46.52,48.24,2345846.0,4.600171969045557,-0.14489753674187597
2018-04-02,48.14,48.36,47.14,47.52,2606843.0,2.5880356385235443,-1.2879102617365963
2018-04-03,47.73,48.0199,46.59,47.83,2724548.0,3.0691135436788928,0.20951183741881718
2018-04-04,47.6,48.34,47.43,48.23,3033552.0,1.9186169091292509,1.3235294117646963
2018-04-05,48.44,48.91,48.33,48.71,1847606.0,1.200082764328571,0.5573905862923269
2018-04-06,48.25,48.5,47.6,48.07,2265891.0,1.8907563025210055,-0.3730569948186523
2018-04-09,48.3,48.48,47.88,48.0,1715269.0,1.2531328320801887,-0.6211180124223544
2018-04-10,48.19,48.83,47.85,48.48,1802506.0,2.0480668756530758,0.6017846026146486
2018-04-11,48.16,48.62,47.83,48.35,1467904.0,1.6516830441145707,0.3945182724252592
2018-04-12,48.56,48.88,47.52,48.71,1311979.0,2.8619528619528607,0.3088962108731437
2018-04-13,48.78,48.88,48.4,48.52,1381119.0,0.9917355371900909,-0.5330053300532964
2018-04-16,48.82,49.0,48.5,48.79,1382529.0,1.0309278350515463,-0.06145022531749515
2018-04-17,48.98,49.29,48.67,49.1,1675460.0,1.273885350318466,0.24499795835035637
2018-04-18,49.25,49.5,48.975,49.39,1346910.0,1.0719754977029066,0.28426395939086413
2018-04-19,49.32,49.77,49.04,49.5,1037946.0,1.4885807504078383,0.3649635036496345
2018-04-20,49.57,49.75,48.96,49.27,1706029.0,1.613562091503266,-0.6052047609441137
2018-04-23,49.24,49.44,48.12,49.05,1435286.0,2.743142144638405,-0.3858651502843315
2018-04-24,49.34,49.69,48.95,49.11,2301021.0,1.5117466802859956,-0.46615322253750296
2018-04-25,48.99,49.17,48.43,48.77,1449475.0,1.5279785257072103,-0.4490712390283708
2018-04-26,48.89,49.3,48.65,49.0,1506032.0,1.3360739979444987,0.22499488647985155
2018-04-27,49.0,49.27,48.94,49.26,1495077.0,0.6742950551696065,0.5306122448979551
2018-04-30,49.28,49.58,49.09,49.13,1755295.0,0.9981666327154101,-0.304383116883114
2018-05-01,49.03,49.49,48.9,49.41,1584152.0,1.2065439672801705,0.7750356924331948
2018-05-02,49.43,49.6,49.08,49.24,1514876.0,1.0594947025264938,-0.3843819542787735
2018-05-03,49.04,49.45,48.49,48.6,3108492.0,1.9797896473499708,-0.8972267536704684
2018-05-04,48.44,49.49,48.0,49.37,3175202.0,3.1041666666666705,1.9199009083402143
2018-05-07,49.54,50.25,49.44,50.16,1993460.0,1.6383495145631115,1.2515139281388725
2018-05-08,50.0,50.57,49.88,50.55,1979743.0,1.3833199679230106,1.0999999999999943
2018-05-09,50.54,51.38,49.02,51.19,1699152.0,4.814361485108118,1.2861100118717819
2018-05-10,51.45,51.9,51.36,51.81,1912048.0,1.051401869158877,0.6997084548104945
2018-05-11,51.91,52.28,51.575,52.24,1865962.0,1.366941347552105,0.6357156617222219
2018-05-14,52.2,52.61,51.78,51.93,2173127.0,1.6029354963306264,-0.5172413793103509
2018-05-15,51.77,51.92,49.9552,51.72,1608946.0,3.9331240791749487,-0.09658103148542449
2018-05-16,51.6,51.77,51.37,51.63,1179501.0,0.7786645902277705,0.05813953488372313
2018-05-17,51.68,51.81,51.07,51.33,1080935.0,1.448991580184065,-0.6772445820433465
2018-05-18,51.31,51.575,50.865,51.43,4003325.0,1.3958517644745914,0.23387253946598602
2018-05-21,51.53,52.06,51.41,51.6,2038019.0,1.2643454580820963,0.13584319813700813
2018-05-22,52.0,52.0,51.25,51.27,1697835.0,1.4634146341463417,-1.403846153846148
2018-05-23,51.1,51.1,50.2401,50.77,1648955.0,1.7115809880951733,-0.6457925636007794
2018-05-24,50.67,50.8,50.36,50.7,1333615.0,0.8737092930897493,0.05920663114269022
2018-05-25,50.53,50.6,49.78,49.95,1302331.0,1.6472478907191648,-1.1478329705125634
2018-05-29,49.78,49.88,49.3,49.38,2061502.0,1.1764705882353053,-0.80353555644837
2018-05-30,49.61,49.73,49.19,49.41,2580471.0,1.0977841024598478,-0.40314452731304745
2018-05-31,49.45,49.75,49.185,49.28,2554658.0,1.148724204533898,-0.3437815975733098
2018-06-01,49.47,49.91,49.47,49.72,1827006.0,0.8894279361228983,0.5053567818880129
2018-06-04,49.77,50.03,49.61,49.96,1699024.0,0.8466035073573911,0.381756077958605
2018-06-05,50.02,50.785,49.775,50.58,1617633.0,2.029131089904567,1.119552179128339
2018-06-06,50.53,51.51,50.53,51.49,947212.0,1.939441915693641,1.899861468434595
2018-06-07,51.43,51.52,50.55,51.16,1283861.0,1.9188921859545123,-0.5249854170717541
2018-06-08,51.06,51.18,50.72,51.14,1323120.0,0.9069400630914843,0.15667841754797943
2018-06-11,51.12,51.16,50.649,50.69,1442185.0,1.0089044206203392,-0.8411580594679181
2018-06-12,50.64,50.77,50.25,50.6,2409964.0,1.0348258706467723,-0.07898894154818158
2018-06-13,50.6,50.9,50.195,50.28,1884615.0,1.4045223627851346,-0.6324110671936765
2018-06-14,50.51,50.82,50.38,50.76,2242392.0,0.8733624454148426,0.4949514947535142
2018-06-15,50.6,50.82,50.22,50.81,2742226.0,1.194743130227004,0.41501976284585146
2018-06-18,50.61,50.94,50.38,50.67,1110066.0,1.1115522032552503,0.11855364552460439
2018-06-19,50.3,50.75,49.93,50.67,2750476.0,1.6422992189064696,0.7355864811133291
2018-06-20,50.92,51.64,50.895,51.23,2357373.0,1.4637980155221484,0.6087981146896998
2018-06-21,51.3,51.42,50.67,50.78,1312809.0,1.4801657785671996,-1.0136452241715321
2018-06-22,50.91,51.57,50.83,51.25,5372074.0,1.4558331693881605,0.6678452170497023
2018-06-25,51.26,51.26,49.86,50.12,1963511.0,2.807862013638184,-2.2239563012095216
2018-06-26,51.28,52.6,51.14,52.5,3864387.0,2.8549080954243267,2.37909516380655
2018-06-27,52.95,53.05,51.26,51.28,5556070.0,3.4920015606710866,-3.153918791312562
2018-06-28,51.25,52.09,51.25,52.01,2873911.0,1.639024390243909,1.482926829268289
2018-06-29,51.99,52.34,51.54,51.59,2760483.0,1.5521924718665199,-0.7693787266782046
2018-07-02,50.22,51.87,50.12,51.84,1852417.0,3.491620111731844,3.2258064516129124
2018-07-03,52.0,52.0,51.6,51.79,1266085.0,0.7751937984496096,-0.4038461538461555
2018-07-05,52.0,52.63,51.755,52.61,2515088.0,1.6906579074485555,1.173076923076922
2018-07-06,52.6,52.85,52.2,52.65,1506552.0,1.2452107279693458,0.09505703422052691
2018-07-09,52.77,53.0,52.4,52.48,2014760.0,1.145038167938934,-0.5495546712147171
2018-07-10,52.5,52.68,52.28,52.45,2563697.0,0.7651109410864548,-0.09523809523808983
2018-07-11,46.17,52.95,46.17,52.81,1964451.0,14.684860298895389,14.381633095083387
2018-07-12,53.0,53.07,52.49,52.97,1178277.0,1.1049723756906045,-0.05660377358490781
2018-07-13,52.83,53.16,52.2,52.27,1453457.0,1.8390804597701027,-1.060003785727797
2018-07-16,52.36,52.42,51.8925,52.11,984071.0,1.0165245459363172,-0.4774637127578304
2018-07-17,52.1,52.93,52.06,52.84,1149887.0,1.6711486746062185,1.420345489443382
2018-07-18,52.74,53.15,52.53,53.05,1201232.0,1.1802779364172804,0.5877891543420461
2018-07-19,52.86,53.07,52.5,52.69,905224.0,1.0857142857142863,-0.3216042376087811
2018-07-20,52.58,52.895,51.88,52.73,1152552.0,1.9564379336931388,0.28527957398250015
2018-07-23,52.59,53.58,52.55,53.35,1919394.0,1.9600380589914388,1.4451416619129072
2018-07-24,53.39,53.7,52.6301,53.4,1026892.0,2.03286712356618,0.0187300992695224
2018-07-25,53.4,54.18,53.05,54.14,1170744.0,2.130065975494821,1.3857677902621761
2018-07-26,54.0,54.31,53.8105,54.15,1155121.0,0.928257496213573,0.2777777777777751
2018-07-27,54.31,54.31,53.24,53.36,1020327.0,2.009767092411721,-1.7492174553489281
